;dat_reference;dat_previsao;num_termo;val_vaz_pred;val_vaz_true
0;2013-08-17;2013-08-17;1;68,91245110236267;65,0
1;2013-08-17;2013-08-18;2;67,94443169952267;65,0
2;2013-08-17;2013-08-19;3;67,01008781348442;64,0
3;2013-08-17;2013-08-20;4;67,18803527771068;64,0
4;2013-08-17;2013-08-21;5;67,06952338286432;65,0
5;2013-08-17;2013-08-22;6;65,7809011718985;65,0
6;2013-08-17;2013-08-23;7;65,00727803705152;64,0
7;2013-08-24;2013-08-24;1;65,36238049336332;64,0
8;2013-08-24;2013-08-25;2;65,11860667665164;63,0
9;2013-08-24;2013-08-26;3;65,03266688863148;62,0
10;2013-08-24;2013-08-27;4;65,00566921015198;61,0
11;2013-08-24;2013-08-28;5;65,12274668861633;61,0
12;2013-08-24;2013-08-29;6;65,21927177837452;60,0
13;2013-08-24;2013-08-30;7;64,7990866431634;59,0
14;2013-08-31;2013-08-31;1;64,00229896088094;59,0
15;2013-08-31;2013-09-01;2;64,2183955847825;58,0
16;2013-08-31;2013-09-02;3;65,08016239263587;58,0
17;2013-08-31;2013-09-03;4;64,96951059890159;58,0
18;2013-08-31;2013-09-04;5;63,695568907804876;58,0
19;2013-08-31;2013-09-05;6;64,67776866457112;63,0
20;2013-08-31;2013-09-06;7;61,535634700357285;69,0
21;2013-09-07;2013-09-07;1;61,94476158501036;72,0
22;2013-09-07;2013-09-08;2;60,56194756682583;69,0
23;2013-09-07;2013-09-09;3;60,655853723481215;67,0
24;2013-09-07;2013-09-10;4;61,03304524653079;64,0
25;2013-09-07;2013-09-11;5;59,46663370280154;61,0
26;2013-09-07;2013-09-12;6;59,03434998793636;59,0
27;2013-09-07;2013-09-13;7;58,38167420881127;58,0
28;2013-09-14;2013-09-14;1;59,27038305849886;57,0
29;2013-09-14;2013-09-15;2;58,66574693829153;56,0
30;2013-09-14;2013-09-16;3;58,28828430962792;56,0
31;2013-09-14;2013-09-17;4;63,10103412136205;55,0
32;2013-09-14;2013-09-18;5;68,8483126770541;55,0
33;2013-09-14;2013-09-19;6;71,97909222847517;55,0
34;2013-09-14;2013-09-20;7;68,75797850976802;56,0
35;2013-09-21;2013-09-21;1;66,8684981332172;57,0
36;2013-09-21;2013-09-22;2;63,7114423279389;56,0
37;2013-09-21;2013-09-23;3;60,98636646100244;55,0
38;2013-09-21;2013-09-24;4;59,68439451178354;56,0
39;2013-09-21;2013-09-25;5;58,153664789104106;62,0
40;2013-09-21;2013-09-26;6;56,901723244819856;70,0
41;2013-09-21;2013-09-27;7;54,87968709576455;73,0
42;2013-09-28;2013-09-28;1;56,6885263637546;72,0
43;2013-09-28;2013-09-29;2;53,44555894575762;67,0
44;2013-09-28;2013-09-30;3;55,836881007799626;69,0
45;2013-09-28;2013-10-01;4;53,91270582205031;70,0
46;2013-09-28;2013-10-02;5;55,95170367423193;71,0
47;2013-09-28;2013-10-03;6;58,05489343678526;76,0
48;2013-09-28;2013-10-04;7;54,963378683422995;91,0
49;2013-10-05;2013-10-05;1;54,44304226779055;104,0
50;2013-10-05;2013-10-06;2;52,929753800612;103,0
51;2013-10-05;2013-10-07;3;60,73697723153729;96,0
52;2013-10-05;2013-10-08;4;68,83055603603854;85,0
53;2013-10-05;2013-10-09;5;73,5085694289241;77,0
54;2013-10-05;2013-10-10;6;72,98811702781241;72,0
55;2013-10-05;2013-10-11;7;65,17527109218311;66,0
56;2013-10-12;2013-10-12;1;67,88389465397444;64,0
57;2013-10-12;2013-10-13;2;70,75789506289854;63,0
58;2013-10-12;2013-10-14;3;69,03505524366358;61,0
59;2013-10-12;2013-10-15;4;76,27766237361053;60,0
60;2013-10-12;2013-10-16;5;91,69110391279914;61,0
61;2013-10-12;2013-10-17;6;102,43195871919701;70,0
62;2013-10-12;2013-10-18;7;101,7281712878927;85,0
63;2013-10-19;2013-10-19;1;94,20871790204757;92,0
64;2013-10-19;2013-10-20;2;82,09107866212824;96,0
65;2013-10-19;2013-10-21;3;76,06659654701791;97,0
66;2013-10-19;2013-10-22;4;71,11285709831675;89,0
67;2013-10-19;2013-10-23;5;65,70529972837657;88,0
68;2013-10-19;2013-10-24;6;61,577097255943805;93,0
69;2013-10-19;2013-10-25;7;63,77533074270247;84,0
70;2013-10-26;2013-10-26;1;62,4005726297622;72,0
71;2013-10-26;2013-10-27;2;60,99466411434655;67,0
72;2013-10-26;2013-10-28;3;61,176186696210195;63,0
73;2013-10-26;2013-10-29;4;68,92477300598398;60,0
74;2013-10-26;2013-10-30;5;83,56700429312863;58,0
75;2013-10-26;2013-10-31;6;92,17443602448864;57,0
76;2013-10-26;2013-11-01;7;97,97570086370843;57,0
77;2013-11-02;2013-11-02;1;96,8976707190974;57,0
78;2013-11-02;2013-11-03;2;87,78430898633937;57,0
79;2013-11-02;2013-11-04;3;89,3461642831829;56,0
80;2013-11-02;2013-11-05;4;92,85012203053573;56,0
81;2013-11-02;2013-11-06;5;83,22615589687726;58,0
82;2013-11-02;2013-11-07;6;71,25778269754227;63,0
83;2013-11-02;2013-11-08;7;67,49537242111258;77,0
84;2013-11-09;2013-11-09;1;60,27228421724889;95,0
85;2013-11-09;2013-11-10;2;59,71371729057161;99,0
86;2013-11-09;2013-11-11;3;57,348285148117235;85,0
87;2013-11-09;2013-11-12;4;57,47196666269355;79,0
88;2013-11-09;2013-11-13;5;58,530061651620166;74,0
89;2013-11-09;2013-11-14;6;56,78559843186361;69,0
90;2013-11-09;2013-11-15;7;56,35951758093142;67,0
91;2013-11-16;2013-11-16;1;57,110609798825315;66,0
92;2013-11-16;2013-11-17;2;56,548168687313;66,0
93;2013-11-16;2013-11-18;3;58,9183398230712;69,0
94;2013-11-16;2013-11-19;4;61,41785228020358;79,0
95;2013-11-16;2013-11-20;5;76,86191894878829;91,0
96;2013-11-16;2013-11-21;6;96,80592069112579;91,0
97;2013-11-16;2013-11-22;7;96,87822142111193;82,0
98;2013-11-23;2013-11-23;1;86,97702612318841;87,0
99;2013-11-23;2013-11-24;2;80,7642611011336;108,0
100;2013-11-23;2013-11-25;3;70,82661407779246;113,0
101;2013-11-23;2013-11-26;4;69,19526938877954;116,0
102;2013-11-23;2013-11-27;5;65,31156966251805;133,0
103;2013-11-23;2013-11-28;6;64,75988202865958;157,0
104;2013-11-23;2013-11-29;7;68,94758962869639;169,0
105;2013-11-30;2013-11-30;1;67,97520098188937;190,0
106;2013-11-30;2013-12-01;2;80,4723319954563;266,0
107;2013-11-30;2013-12-02;3;86,91471502320059;337,0
108;2013-11-30;2013-12-03;4;85,4134114541898;384,0
109;2013-11-30;2013-12-04;5;81,10553224868022;383,0
110;2013-11-30;2013-12-05;6;87,1439201973036;329,0
111;2013-11-30;2013-12-06;7;106,29088727636136;253,0
112;2013-12-07;2013-12-07;1;108,23664542866337;204,0
113;2013-12-07;2013-12-08;2;111,14176133433091;183,0
114;2013-12-07;2013-12-09;3;137,12596828634904;164,0
115;2013-12-07;2013-12-10;4;158,2125477780548;148,0
116;2013-12-07;2013-12-11;5;170,82467578762927;151,0
117;2013-12-07;2013-12-12;6;197,04679612555668;170,0
118;2013-12-07;2013-12-13;7;263,69326471717346;178,0
119;2013-12-14;2013-12-14;1;335,4646886279584;173,0
120;2013-12-14;2013-12-15;2;386,77059748745006;157,0
121;2013-12-14;2013-12-16;3;384,489458657249;145,0
122;2013-12-14;2013-12-17;4;325,876079302131;141,0
123;2013-12-14;2013-12-18;5;246,3125641985733;131,0
124;2013-12-14;2013-12-19;6;201,8756123727512;121,0
125;2013-12-14;2013-12-20;7;181,21217309019957;113,0
126;2013-12-21;2013-12-21;1;161,02273583507932;109,0
127;2013-12-21;2013-12-22;2;149,71991301699663;109,0
128;2013-12-21;2013-12-23;3;150,74242372394255;114,0
129;2013-12-21;2013-12-24;4;167,87735032417962;142,0
130;2013-12-21;2013-12-25;5;176,08748390972838;172,0
131;2013-12-21;2013-12-26;6;172,8311140857588;152,0
132;2013-12-21;2013-12-27;7;156,58512639872382;135,0
133;2013-12-28;2013-12-28;1;143,6773488961791;127,0
134;2013-12-28;2013-12-29;2;138,08860018706642;122,0
135;2013-12-28;2013-12-30;3;131,2492244042293;117,0
136;2013-12-28;2013-12-31;4;121,55302451774742;108,0
137;2013-12-28;2014-01-01;5;113,59950319744269;100,0
138;2013-12-28;2014-01-02;6;106,79946611208138;119,0
139;2013-12-28;2014-01-03;7;104,32817965081335;138,0
140;2014-01-04;2014-01-04;1;112,47047554050806;116,0
141;2014-01-04;2014-01-05;2;146,16780721565632;104,0
142;2014-01-04;2014-01-06;3;167,68346567258803;92,0
143;2014-01-04;2014-01-07;4;148,60457172402013;85,0
144;2014-01-04;2014-01-08;5;136,75660852574882;80,0
145;2014-01-04;2014-01-09;6;129,54566573292016;77,0
146;2014-01-04;2014-01-10;7;121,81063239281141;75,0
147;2014-01-11;2014-01-11;1;116,0762312784693;73,0
148;2014-01-11;2014-01-12;2;104,38985149351782;71,0
149;2014-01-11;2014-01-13;3;101,42860333353138;71,0
150;2014-01-11;2014-01-14;4;121,4983912608951;71,0
151;2014-01-11;2014-01-15;5;134,65460514614276;70,0
152;2014-01-11;2014-01-16;6;115,30811056134337;68,0
153;2014-01-11;2014-01-17;7;103,72946158891472;69,0
154;2014-01-18;2014-01-18;1;92,04814900389869;78,0
155;2014-01-18;2014-01-19;2;87,54204450142544;89,0
156;2014-01-18;2014-01-20;3;80,08584387850115;94,0
157;2014-01-18;2014-01-21;4;76,8674696205668;88,0
158;2014-01-18;2014-01-22;5;74,88580092273517;74,0
159;2014-01-18;2014-01-23;6;72,3586804640219;71,0
160;2014-01-18;2014-01-24;7;71,80836781525218;73,0
161;2014-01-25;2014-01-25;1;68,25020646162997;73,0
162;2014-01-25;2014-01-26;2;70,08812796490818;72,0
163;2014-01-25;2014-01-27;3;69,02575987056065;76,0
164;2014-01-25;2014-01-28;4;67,92144411054983;74,0
165;2014-01-25;2014-01-29;5;71,01368813146752;68,0
166;2014-01-25;2014-01-30;6;79,64451900327057;62,0
167;2014-01-25;2014-01-31;7;92,06018984547754;59,0
168;2014-02-01;2014-02-01;1;92,78061537351022;56,0
169;2014-02-01;2014-02-02;2;86,24909361937151;54,0
170;2014-02-01;2014-02-03;3;72,93937929945938;53,0
171;2014-02-01;2014-02-04;4;71,14913978564229;52,0
172;2014-02-01;2014-02-05;5;73,6313974090283;51,0
173;2014-02-01;2014-02-06;6;71,7660258155488;50,0
174;2014-02-01;2014-02-07;7;72,60151572634135;51,0
175;2014-02-08;2014-02-08;1;76,17527755720002;51,0
176;2014-02-08;2014-02-09;2;73,71508388407726;48,0
177;2014-02-08;2014-02-10;3;67,26315955702952;47,0
178;2014-02-08;2014-02-11;4;62,10952936216109;46,0
179;2014-02-08;2014-02-12;5;58,90631524076291;46,0
180;2014-02-08;2014-02-13;6;55,701849314223274;46,0
181;2014-02-08;2014-02-14;7;54,17442972053498;47,0
182;2014-02-15;2014-02-15;1;55,50117088173341;53,0
183;2014-02-15;2014-02-16;2;52,790835083645476;67,0
184;2014-02-15;2014-02-17;3;47,41968719625022;77,0
185;2014-02-15;2014-02-18;4;49,82941639179953;76,0
186;2014-02-15;2014-02-19;5;49,393291317272364;74,0
187;2014-02-15;2014-02-20;6;50,29292702921704;72,0
188;2014-02-15;2014-02-21;7;51,67777942321518;69,0
189;2014-02-22;2014-02-22;1;49,60132395370628;67,0
190;2014-02-22;2014-02-23;2;50,807435285053145;63,0
191;2014-02-22;2014-02-24;3;49,81198475427497;60,0
192;2014-02-22;2014-02-25;4;47,67211593146143;56,0
193;2014-02-22;2014-02-26;5;50,489263600226415;54,0
194;2014-02-22;2014-02-27;6;60,0951980881439;52,0
195;2014-02-22;2014-02-28;7;67,14967949806116;51,0
196;2014-03-01;2014-03-01;1;75,83553984209058;53,0
197;2014-03-01;2014-03-02;2;76,00054010148936;58,0
198;2014-03-01;2014-03-03;3;71,75284395144972;65,0
199;2014-03-01;2014-03-04;4;71,4269609697428;71,0
200;2014-03-01;2014-03-05;5;67,266850489593;70,0
201;2014-03-01;2014-03-06;6;66,62173898012512;65,0
202;2014-03-01;2014-03-07;7;63,470312445581136;64,0
203;2014-03-08;2014-03-08;1;57,59660928129495;76,0
204;2014-03-08;2014-03-09;2;55,572860982699275;88,0
205;2014-03-08;2014-03-10;3;54,574039845630146;95,0
206;2014-03-08;2014-03-11;4;51,59248025534401;92,0
207;2014-03-08;2014-03-12;5;54,007857037252954;82,0
208;2014-03-08;2014-03-13;6;51,32600192608344;75,0
209;2014-03-08;2014-03-14;7;61,50672877740321;68,0
210;2014-03-15;2014-03-15;1;65,93928424747601;63,0
211;2014-03-15;2014-03-16;2;71,15928974820184;60,0
212;2014-03-15;2014-03-17;3;70,06168098312514;58,0
213;2014-03-15;2014-03-18;4;62,07160483125869;57,0
214;2014-03-15;2014-03-19;5;63,50584031957583;55,0
215;2014-03-15;2014-03-20;6;79,81329258673847;54,0
216;2014-03-15;2014-03-21;7;88,81099681506512;53,0
217;2014-03-22;2014-03-22;1;95,17700845354892;53,0
218;2014-03-22;2014-03-23;2;91,59473194945741;55,0
219;2014-03-22;2014-03-24;3;80,09290779240824;56,0
220;2014-03-22;2014-03-25;4;75,28341998960778;55,0
221;2014-03-22;2014-03-26;5;68,53822761053723;53,0
222;2014-03-22;2014-03-27;6;63,30054233938609;52,0
223;2014-03-22;2014-03-28;7;61,43626929646768;52,0
224;2014-03-29;2014-03-29;1;59,8220876309168;51,0
225;2014-03-29;2014-03-30;2;57,222472748602705;50,0
226;2014-03-29;2014-03-31;3;55,91300503332716;51,0
227;2014-03-29;2014-04-01;4;55,95086388989524;57,0
228;2014-03-29;2014-04-02;5;54,92663965688975;63,0
229;2014-03-29;2014-04-03;6;53,04662406095344;64,0
230;2014-03-29;2014-04-04;7;57,10220401364514;69,0
231;2014-04-05;2014-04-05;1;54,06486723619855;68,0
232;2014-04-05;2014-04-06;2;54,78175055267742;63,0
233;2014-04-05;2014-04-07;3;52,41479207779996;61,0
234;2014-04-05;2014-04-08;4;52,835209401429154;59,0
235;2014-04-05;2014-04-09;5;53,12562154939487;58,0
236;2014-04-05;2014-04-10;6;51,25982256315719;56,0
237;2014-04-05;2014-04-11;7;51,40390508377181;53,0
238;2014-04-12;2014-04-12;1;51,55692200232226;51,0
239;2014-04-12;2014-04-13;2;58,514678190871685;50,0
240;2014-04-12;2014-04-14;3;61,802535375249946;50,0
241;2014-04-12;2014-04-15;4;65,28882782025278;52,0
242;2014-04-12;2014-04-16;5;70,09576667485806;54,0
243;2014-04-12;2014-04-17;6;68,40731454250356;60,0
244;2014-04-12;2014-04-18;7;60,52042455077946;69,0
245;2014-04-19;2014-04-19;1;61,49358409639352;68,0
246;2014-04-19;2014-04-20;2;56,090118926978484;62,0
247;2014-04-19;2014-04-21;3;58,75780464010912;59,0
248;2014-04-19;2014-04-22;4;57,32652001710803;57,0
249;2014-04-19;2014-04-23;5;51,68106414058803;54,0
250;2014-04-19;2014-04-24;6;50,998531982891215;52,0
251;2014-04-19;2014-04-25;7;51,479363988972906;51,0
252;2014-04-26;2014-04-26;1;51,81727603203596;51,0
253;2014-04-26;2014-04-27;2;54,02492215853348;50,0
254;2014-04-26;2014-04-28;3;56,95303391089463;49,0
255;2014-04-26;2014-04-29;4;62,10183122510844;48,0
256;2014-04-26;2014-04-30;5;69,61251687566607;47,0
257;2014-04-26;2014-05-01;6;68,37811171738765;45,0
258;2014-04-26;2014-05-02;7;60,373846924977805;45,0
259;2014-05-03;2014-05-03;1;57,944983790032275;44,0
260;2014-05-03;2014-05-04;2;57,25852745721924;43,0
261;2014-05-03;2014-05-05;3;53,63530639692477;42,0
262;2014-05-03;2014-05-06;4;51,57959351204735;42,0
263;2014-05-03;2014-05-07;5;51,854438842214826;41,0
264;2014-05-03;2014-05-08;6;51,24928824597509;41,0
265;2014-05-03;2014-05-09;7;49,95017957020123;41,0
266;2014-05-10;2014-05-10;1;48,91116183056335;40,0
267;2014-05-10;2014-05-11;2;48,109725118216836;40,0
268;2014-05-10;2014-05-12;3;46,693245913482095;40,0
269;2014-05-10;2014-05-13;4;45,32209569385447;39,0
270;2014-05-10;2014-05-14;5;45,05373367623678;39,0
271;2014-05-10;2014-05-15;6;44,17481846865986;39,0
272;2014-05-10;2014-05-16;7;43,670519829583746;39,0
273;2014-05-17;2014-05-17;1;42,58300926051861;38,0
274;2014-05-17;2014-05-18;2;42,554583042191204;38,0
275;2014-05-17;2014-05-19;3;41,380624608998644;38,0
276;2014-05-17;2014-05-20;4;41,21849452546211;38,0
277;2014-05-17;2014-05-21;5;40,96568335932663;38,0
278;2014-05-17;2014-05-22;6;39,97051366508726;38,0
279;2014-05-17;2014-05-23;7;40,17098258146546;38,0
280;2014-05-24;2014-05-24;1;40,15965265238694;38,0
281;2014-05-24;2014-05-25;2;39,68195586340007;37,0
282;2014-05-24;2014-05-26;3;38,67709241695419;37,0
283;2014-05-24;2014-05-27;4;39,50088448906244;39,0
284;2014-05-24;2014-05-28;5;39,109198150196974;42,0
285;2014-05-24;2014-05-29;6;38,28268650525228;45,0
286;2014-05-24;2014-05-30;7;38,32296256367728;44,0
287;2014-05-31;2014-05-31;1;38,281862827370965;42,0
288;2014-05-31;2014-06-01;2;38,442828461966876;41,0
289;2014-05-31;2014-06-02;3;36,97431195239961;40,0
290;2014-05-31;2014-06-03;4;37,43408443759177;40,0
291;2014-05-31;2014-06-04;5;37,56603048898074;40,0
292;2014-05-31;2014-06-05;6;38,38571893513833;41,0
293;2014-05-31;2014-06-06;7;38,23241818152608;40,0
294;2014-06-07;2014-06-07;1;38,38713034829976;39,0
295;2014-06-07;2014-06-08;2;40,02138191485359;39,0
296;2014-06-07;2014-06-09;3;42,22860561995869;38,0
297;2014-06-07;2014-06-10;4;45,11003461115623;38,0
298;2014-06-07;2014-06-11;5;44,478326539182326;37,0
299;2014-06-07;2014-06-12;6;42,347421687464276;37,0
300;2014-06-07;2014-06-13;7;41,27466895755878;38,0
301;2014-06-14;2014-06-14;1;40,1935230012003;38,0
302;2014-06-14;2014-06-15;2;40,049544088893164;39,0
303;2014-06-14;2014-06-16;3;40,79598076519837;39,0
304;2014-06-14;2014-06-17;4;41,31624199586573;38,0
305;2014-06-14;2014-06-18;5;40,13362630958632;37,0
306;2014-06-14;2014-06-19;6;39,56610121509092;37,0
307;2014-06-14;2014-06-20;7;38,950826939483576;37,0
308;2014-06-21;2014-06-21;1;38,64089612736944;37,0
309;2014-06-21;2014-06-22;2;38,03283749501475;36,0
310;2014-06-21;2014-06-23;3;37,86520374778953;36,0
311;2014-06-21;2014-06-24;4;37,49892718827365;35,0
312;2014-06-21;2014-06-25;5;39,03306796965857;35,0
313;2014-06-21;2014-06-26;6;38,81421772605285;35,0
314;2014-06-21;2014-06-27;7;39,73836037763581;34,0
315;2014-06-28;2014-06-28;1;39,52598660591925;34,0
316;2014-06-28;2014-06-29;2;38,23559900163398;34,0
317;2014-06-28;2014-06-30;3;37,41732546216335;33,0
318;2014-06-28;2014-07-01;4;37,52250488991787;33,0
319;2014-06-28;2014-07-02;5;37,26480079170232;33,0
320;2014-06-28;2014-07-03;6;37,32210581777735;32,0
321;2014-06-28;2014-07-04;7;36,57806091660026;32,0
322;2014-07-05;2014-07-05;1;36,320898088971006;32,0
323;2014-07-05;2014-07-06;2;35,567419211780155;31,0
324;2014-07-05;2014-07-07;3;35,57802142598235;31,0
325;2014-07-05;2014-07-08;4;35,434268813747636;31,0
326;2014-07-05;2014-07-09;5;34,6667603179451;31,0
327;2014-07-05;2014-07-10;6;34,64714972544582;31,0
328;2014-07-05;2014-07-11;7;35,098755213907744;31,0
329;2014-07-12;2014-07-12;1;33,78607426193095;33,0
330;2014-07-12;2014-07-13;2;33,151837671011315;36,0
331;2014-07-12;2014-07-14;3;34,25764611015078;37,0
332;2014-07-12;2014-07-15;4;32,07524253669598;36,0
333;2014-07-12;2014-07-16;5;33,25822242265144;36,0
334;2014-07-12;2014-07-17;6;33,020995071674974;36,0
335;2014-07-12;2014-07-18;7;31,520822371143094;35,0
336;2014-07-19;2014-07-19;1;31,421501225688775;34,0
337;2014-07-19;2014-07-20;2;31,00731902882246;33,0
338;2014-07-19;2014-07-21;3;31,295074635390776;33,0
339;2014-07-19;2014-07-22;4;31,318740561655805;32,0
340;2014-07-19;2014-07-23;5;31,784550484161603;32,0
341;2014-07-19;2014-07-24;6;34,01969008323565;32,0
342;2014-07-19;2014-07-25;7;36,40600252346387;32,0
343;2014-07-26;2014-07-26;1;37,475649419192365;33,0
344;2014-07-26;2014-07-27;2;36,20452105690955;35,0
345;2014-07-26;2014-07-28;3;36,2407875341655;37,0
346;2014-07-26;2014-07-29;4;36,26685532578643;39,0
347;2014-07-26;2014-07-30;5;34,17549559920831;39,0
348;2014-07-26;2014-07-31;6;34,43225138891711;38,0
349;2014-07-26;2014-08-01;7;33,05831499138621;37,0
350;2014-08-02;2014-08-02;1;32,53020428569074;37,0
351;2014-08-02;2014-08-03;2;31,584716276332628;36,0
352;2014-08-02;2014-08-04;3;32,573733375770374;35,0
353;2014-08-02;2014-08-05;4;35,32230862085755;34,0
354;2014-08-02;2014-08-06;5;33,75894968073624;33,0
355;2014-08-02;2014-08-07;6;33,414444647452456;32,0
356;2014-08-02;2014-08-08;7;35,37197574231452;32,0
357;2014-08-09;2014-08-09;1;37,46564305378347;31,0
358;2014-08-09;2014-08-10;2;39,50100557560513;31,0
359;2014-08-09;2014-08-11;3;39,321085895832915;30,0
360;2014-08-09;2014-08-12;4;38,369759752532396;30,0
361;2014-08-09;2014-08-13;5;37,52338849787804;30,0
362;2014-08-09;2014-08-14;6;37,474914608425735;29,0
363;2014-08-09;2014-08-15;7;36,48729572371138;29,0
364;2014-08-16;2014-08-16;1;35,18166211620175;29,0
365;2014-08-16;2014-08-17;2;34,053336814197166;31,0
366;2014-08-16;2014-08-18;3;32,97518044962309;34,0
367;2014-08-16;2014-08-19;4;32,58089887450003;37,0
368;2014-08-16;2014-08-20;5;31,89126776038474;38,0
369;2014-08-16;2014-08-21;6;31,42660611922044;37,0
370;2014-08-16;2014-08-22;7;31,5779472184795;35,0
371;2014-08-23;2014-08-23;1;30,617858414928182;34,0
372;2014-08-23;2014-08-24;2;31,14918925989606;33,0
373;2014-08-23;2014-08-25;3;30,27572233934618;32,0
374;2014-08-23;2014-08-26;4;29,59195594988611;31,0
375;2014-08-23;2014-08-27;5;30,293948415085335;30,0
376;2014-08-23;2014-08-28;6;30,55170923613777;30,0
377;2014-08-23;2014-08-29;7;32,49697098132797;29,0
378;2014-08-30;2014-08-30;1;34,57009597310715;29,0
379;2014-08-30;2014-08-31;2;37,011682940578716;29,0
380;2014-08-30;2014-09-01;3;38,10105299723376;29,0
381;2014-08-30;2014-09-02;4;36,920894376190226;29,0
382;2014-08-30;2014-09-03;5;34,79858466079879;29,0
383;2014-08-30;2014-09-04;6;33,96366666572452;30,0
384;2014-08-30;2014-09-05;7;32,63343873376214;31,0
385;2014-09-06;2014-09-06;1;32,539571925606666;31,0
386;2014-09-06;2014-09-07;2;31,222341140145186;30,0
387;2014-09-06;2014-09-08;3;30,264524968079325;30,0
388;2014-09-06;2014-09-09;4;31,681334014343516;29,0
389;2014-09-06;2014-09-10;5;29,161506857061465;28,0
390;2014-09-06;2014-09-11;6;29,709991475996844;28,0
391;2014-09-06;2014-09-12;7;29,815586861345647;27,0
392;2014-09-13;2014-09-13;1;30,079831313200007;26,0
393;2014-09-13;2014-09-14;2;30,635935039378236;26,0
394;2014-09-13;2014-09-15;3;29,306767920661212;25,0
395;2014-09-13;2014-09-16;4;31,198138806567204;25,0
396;2014-09-13;2014-09-17;5;32,00532154865742;24,0
397;2014-09-13;2014-09-18;6;31,429140403139264;24,0
398;2014-09-13;2014-09-19;7;30,841522661663923;24,0
399;2014-09-20;2014-09-20;1;30,675698790739983;24,0
400;2014-09-20;2014-09-21;2;29,6673408897846;23,0
401;2014-09-20;2014-09-22;3;29,342232833691806;23,0
402;2014-09-20;2014-09-23;4;28,145213589615185;23,0
403;2014-09-20;2014-09-24;5;27,28851396690163;23,0
404;2014-09-20;2014-09-25;6;27,092584667053746;23,0
405;2014-09-20;2014-09-26;7;27,291490551522877;23,0
406;2014-09-27;2014-09-27;1;26,15983544219294;23,0
407;2014-09-27;2014-09-28;2;26,98185871451552;23,0
408;2014-09-27;2014-09-29;3;24,722993677244084;22,0
409;2014-09-27;2014-09-30;4;25,15970449698477;23,0
410;2014-09-27;2014-10-01;5;25,588684143119504;23,0
411;2014-09-27;2014-10-02;6;26,850687340768044;22,0
412;2014-09-27;2014-10-03;7;23,024719876379404;23,0
413;2014-10-04;2014-10-04;1;24,41894143378433;24,0
414;2014-10-04;2014-10-05;2;25,355469478801407;26,0
415;2014-10-04;2014-10-06;3;26,734412346556212;26,0
416;2014-10-04;2014-10-07;4;26,03495887062161;25,0
417;2014-10-04;2014-10-08;5;24,979715409422152;25,0
418;2014-10-04;2014-10-09;6;24,56668586078803;24,0
419;2014-10-04;2014-10-10;7;24,468494306865868;24,0
420;2014-10-11;2014-10-11;1;21,631438023283263;24,0
421;2014-10-11;2014-10-12;2;24,949790359616422;24,0
422;2014-10-11;2014-10-13;3;27,76981950399215;23,0
423;2014-10-11;2014-10-14;4;24,021909409923104;23,0
424;2014-10-11;2014-10-15;5;25,0143339758956;23,0
425;2014-10-11;2014-10-16;6;26,13780114459039;23,0
426;2014-10-11;2014-10-17;7;27,53223986568091;23,0
427;2014-10-18;2014-10-18;1;27,64757166834125;23,0
428;2014-10-18;2014-10-19;2;26,926018214067238;23,0
429;2014-10-18;2014-10-20;3;26,3776519104469;23,0
430;2014-10-18;2014-10-21;4;25,395596855703783;23,0
431;2014-10-18;2014-10-22;5;25,568895555164453;24,0
432;2014-10-18;2014-10-23;6;24,775913963958;24,0
433;2014-10-18;2014-10-24;7;25,212915354450853;24,0
434;2014-10-25;2014-10-25;1;23,687286644646413;25,0
435;2014-10-25;2014-10-26;2;24,524740066040696;25,0
436;2014-10-25;2014-10-27;3;24,39087480829062;26,0
437;2014-10-25;2014-10-28;4;25,1383588633941;27,0
438;2014-10-25;2014-10-29;5;24,55420302252723;28,0
439;2014-10-25;2014-10-30;6;23,665398958419654;29,0
440;2014-10-25;2014-10-31;7;27,444292611342927;30,0
441;2014-11-01;2014-11-01;1;24,06644779857196;34,0
442;2014-11-01;2014-11-02;2;25,501047732533994;43,0
443;2014-11-01;2014-11-03;3;24,80948462172184;50,0
444;2014-11-01;2014-11-04;4;23,112829250189172;44,0
445;2014-11-01;2014-11-05;5;24,254305317786663;41,0
446;2014-11-01;2014-11-06;6;30,622168077476537;39,0
447;2014-11-01;2014-11-07;7;27,44615042632383;41,0
448;2014-11-08;2014-11-08;1;29,517601862320017;51,0
449;2014-11-08;2014-11-09;2;26,875842562606106;57,0
450;2014-11-08;2014-11-10;3;29,441838848557463;57,0
451;2014-11-08;2014-11-11;4;31,46975131630798;52,0
452;2014-11-08;2014-11-12;5;34,661355974928476;48,0
453;2014-11-08;2014-11-13;6;44,80403457639594;56,0
454;2014-11-08;2014-11-14;7;47,27936772220723;71,0
455;2014-11-15;2014-11-15;1;54,6577254397022;73,0
456;2014-11-15;2014-11-16;2;45,46255525872892;74,0
457;2014-11-15;2014-11-17;3;41,24029496101917;67,0
458;2014-11-15;2014-11-18;4;41,6690697552201;62,0
459;2014-11-15;2014-11-19;5;45,1100929312173;57,0
460;2014-11-15;2014-11-20;6;48,08726570962616;52,0
461;2014-11-15;2014-11-21;7;55,38562722096421;48,0
462;2014-11-22;2014-11-22;1;54,11937864990494;44,0
463;2014-11-22;2014-11-23;2;54,666288804500915;42,0
464;2014-11-22;2014-11-24;3;54,2087539940427;43,0
465;2014-11-22;2014-11-25;4;62,02367515607755;45,0
466;2014-11-22;2014-11-26;5;72,7088496257295;47,0
467;2014-11-22;2014-11-27;6;72,25521729098566;53,0
468;2014-11-22;2014-11-28;7;72,858740044002;76,0
469;2014-11-29;2014-11-29;1;64,9571686506227;109,0
470;2014-11-29;2014-11-30;2;59,01041350424544;107,0
471;2014-11-29;2014-12-01;3;56,427792366702576;81,0
472;2014-11-29;2014-12-02;4;51,460740578405485;66,0
473;2014-11-29;2014-12-03;5;50,17054780271383;61,0
474;2014-11-29;2014-12-04;6;44,65569475725141;59,0
475;2014-11-29;2014-12-05;7;38,71134180640854;57,0
476;2014-12-06;2014-12-06;1;44,731858752079916;55,0
477;2014-12-06;2014-12-07;2;45,437294469113034;54,0
478;2014-12-06;2014-12-08;3;50,44653185438144;56,0
479;2014-12-06;2014-12-09;4;55,1756357295391;55,0
480;2014-12-06;2014-12-10;5;80,27616295884829;51,0
481;2014-12-06;2014-12-11;6;112,51763005096993;49,0
482;2014-12-06;2014-12-12;7;104,31209254394255;48,0
483;2014-12-13;2014-12-13;1;79,13122891654704;53,0
484;2014-12-13;2014-12-14;2;64,62007587981523;61,0
485;2014-12-13;2014-12-15;3;56,548395460601576;72,0
486;2014-12-13;2014-12-16;4;60,92123335807097;83,0
487;2014-12-13;2014-12-17;5;53,950427431649565;76,0
488;2014-12-13;2014-12-18;6;55,04789809843506;63,0
489;2014-12-13;2014-12-19;7;57,787629790773245;58,0
490;2014-12-20;2014-12-20;1;58,43162428142619;75,0
491;2014-12-20;2014-12-21;2;54,648502301863665;104,0
492;2014-12-20;2014-12-22;3;46,92226687293545;97,0
493;2014-12-20;2014-12-23;4;53,21032378525004;80,0
494;2014-12-20;2014-12-24;5;52,95028247798022;86,0
495;2014-12-20;2014-12-25;6;54,927806354720666;109,0
496;2014-12-20;2014-12-26;7;62,04966211103568;119,0
497;2014-12-27;2014-12-27;1;68,07570424656245;94,0
498;2014-12-27;2014-12-28;2;80,63538687413252;70,0
499;2014-12-27;2014-12-29;3;74,86528702778116;55,0
500;2014-12-27;2014-12-30;4;60,57162544261572;48,0
501;2014-12-27;2014-12-31;5;60,1101081717005;45,0
502;2014-12-27;2015-01-01;6;79,5914472531002;43,0
503;2014-12-27;2015-01-02;7;104,29368523313158;43,0
504;2015-01-03;2015-01-03;1;95,38509026924802;43,0
505;2015-01-03;2015-01-04;2;77,31624262855888;41,0
506;2015-01-03;2015-01-05;3;87,37991041688998;44,0
507;2015-01-03;2015-01-06;4;109,94130507572422;54,0
508;2015-01-03;2015-01-07;5;117,08248446775399;61,0
509;2015-01-03;2015-01-08;6;89,21099016982038;65,0
510;2015-01-03;2015-01-09;7;68,84235369704231;66,0
511;2015-01-10;2015-01-10;1;55,075139987730665;61,0
512;2015-01-10;2015-01-11;2;47,29664314829429;54,0
513;2015-01-10;2015-01-12;3;47,28337726154538;48,0
514;2015-01-10;2015-01-13;4;42,3030307253937;44,0
515;2015-01-10;2015-01-14;5;43,533215074067826;41,0
516;2015-01-10;2015-01-15;6;43,124382399151095;39,0
517;2015-01-10;2015-01-16;7;40,13157370734856;39,0
518;2015-01-17;2015-01-17;1;48,1316382734806;38,0
519;2015-01-17;2015-01-18;2;55,24400648363619;37,0
520;2015-01-17;2015-01-19;3;60,180416163003194;36,0
521;2015-01-17;2015-01-20;4;65,4950522157504;35,0
522;2015-01-17;2015-01-21;5;67,40626632924653;35,0
523;2015-01-17;2015-01-22;6;60,718380098262486;36,0
524;2015-01-17;2015-01-23;7;54,10165267673042;43,0
525;2015-01-24;2015-01-24;1;48,981052267348225;51,0
526;2015-01-24;2015-01-25;2;43,06300467531941;58,0
527;2015-01-24;2015-01-26;3;40,62185038661557;60,0
528;2015-01-24;2015-01-27;4;40,310355322541156;60,0
529;2015-01-24;2015-01-28;5;41,126477218400794;65,0
530;2015-01-24;2015-01-29;6;41,221679843545196;67,0
531;2015-01-24;2015-01-30;7;38,972821039098314;63,0
532;2015-01-31;2015-01-31;1;36,71104114170901;61,0
533;2015-01-31;2015-02-01;2;36,23017511303504;62,0
534;2015-01-31;2015-02-02;3;39,043414499885095;59,0
535;2015-01-31;2015-02-03;4;39,691381989513424;87,0
536;2015-01-31;2015-02-04;5;45,94504147476051;136,0
537;2015-01-31;2015-02-05;6;46,93146875059944;131,0
538;2015-01-31;2015-02-06;7;56,943710511368764;103,0
539;2015-02-07;2015-02-07;1;60,29029729339279;92,0
540;2015-02-07;2015-02-08;2;59,030911980607385;90,0
541;2015-02-07;2015-02-09;3;63,75326355731429;95,0
542;2015-02-07;2015-02-10;4;64,88735224786134;94,0
543;2015-02-07;2015-02-11;5;63,54689860064435;86,0
544;2015-02-07;2015-02-12;6;59,591962405591005;86,0
545;2015-02-07;2015-02-13;7;60,82800918790347;87,0
546;2015-02-14;2015-02-14;1;62,817749392855774;87,0
547;2015-02-14;2015-02-15;2;92,17123743273405;96,0
548;2015-02-14;2015-02-16;3;135,10737375070227;117,0
549;2015-02-14;2015-02-17;4;125,98127897898924;118,0
550;2015-02-14;2015-02-18;5;100,3501599526565;123,0
551;2015-02-14;2015-02-19;6;90,65523097936045;138,0
552;2015-02-14;2015-02-20;7;91,32186504815094;145,0
553;2015-02-21;2015-02-21;1;94,51371536579973;147,0
554;2015-02-21;2015-02-22;2;89,80460312292549;125,0
555;2015-02-21;2015-02-23;3;82,08449995433412;102,0
556;2015-02-21;2015-02-24;4;83,76527685121542;89,0
557;2015-02-21;2015-02-25;5;87,33916570880712;80,0
558;2015-02-21;2015-02-26;6;84,35413433884277;74,0
559;2015-02-21;2015-02-27;7;99,11901104531539;76,0
560;2015-02-28;2015-02-28;1;116,10969105357728;82,0
561;2015-02-28;2015-03-01;2;116,46219984854649;79,0
562;2015-02-28;2015-03-02;3;122,89096051708731;73,0
563;2015-02-28;2015-03-03;4;137,71788853950434;70,0
564;2015-02-28;2015-03-04;5;146,43237594600194;67,0
565;2015-02-28;2015-03-05;6;147,4292046657188;65,0
566;2015-02-28;2015-03-06;7;125,14680151130086;67,0
567;2015-03-07;2015-03-07;1;101,12737920342126;73,0
568;2015-03-07;2015-03-08;2;88,2979737408849;78,0
569;2015-03-07;2015-03-09;3;77,67076659845503;89,0
570;2015-03-07;2015-03-10;4;70,45553435829966;103,0
571;2015-03-07;2015-03-11;5;73,77223541771755;112,0
572;2015-03-07;2015-03-12;6;76,98262612462335;122,0
573;2015-03-07;2015-03-13;7;77,01018014460237;124,0
574;2015-03-14;2015-03-14;1;75,30720290603246;110,0
575;2015-03-14;2015-03-15;2;69,7466327579886;100,0
576;2015-03-14;2015-03-16;3;68,66980992088259;97,0
577;2015-03-14;2015-03-17;4;64,95573397053062;89,0
578;2015-03-14;2015-03-18;5;72,51708446494007;88,0
579;2015-03-14;2015-03-19;6;74,77409961536165;85,0
580;2015-03-14;2015-03-20;7;81,1807058624126;85,0
581;2015-03-21;2015-03-21;1;91,50248404715828;89,0
582;2015-03-21;2015-03-22;2;99,57636277430385;89,0
583;2015-03-21;2015-03-23;3;112,94938999779781;109,0
584;2015-03-21;2015-03-24;4;120,64819073779844;139,0
585;2015-03-21;2015-03-25;5;117,19586918192327;136,0
586;2015-03-21;2015-03-26;6;110,95867021509522;115,0
587;2015-03-21;2015-03-27;7;100,15006938013347;96,0
588;2015-03-28;2015-03-28;1;101,25513545733224;86,0
589;2015-03-28;2015-03-29;2;87,01561716712332;113,0
590;2015-03-28;2015-03-30;3;85,33311140576726;153,0
591;2015-03-28;2015-03-31;4;88,26176851631179;137,0
592;2015-03-28;2015-04-01;5;85,54505655032155;126,0
593;2015-03-28;2015-04-02;6;86,2353093402401;121,0
594;2015-03-28;2015-04-03;7;92,03485183908433;106,0
595;2015-04-04;2015-04-04;1;118,92613833200113;90,0
596;2015-04-04;2015-04-05;2;141,72139640821771;80,0
597;2015-04-04;2015-04-06;3;134,80404189299438;75,0
598;2015-04-04;2015-04-07;4;113,19161994525054;74,0
599;2015-04-04;2015-04-08;5;92,73509251370578;75,0
600;2015-04-04;2015-04-09;6;86,49069846689572;73,0
601;2015-04-04;2015-04-10;7;116,43985144103328;69,0
602;2015-04-11;2015-04-11;1;150,2904363506994;66,0
603;2015-04-11;2015-04-12;2;135,52603999168124;64,0
604;2015-04-11;2015-04-13;3;125,75741883618703;62,0
605;2015-04-11;2015-04-14;4;120,41672620389986;60,0
606;2015-04-11;2015-04-15;5;105,0286782203087;58,0
607;2015-04-11;2015-04-16;6;88,5870946052548;57,0
608;2015-04-11;2015-04-17;7;81,26709564730126;56,0
609;2015-04-18;2015-04-18;1;73,72718526812594;57,0
610;2015-04-18;2015-04-19;2;73,72689908166068;59,0
611;2015-04-18;2015-04-20;3;76,15845418287617;60,0
612;2015-04-18;2015-04-21;4;74,00579480083854;64,0
613;2015-04-18;2015-04-22;5;69,80715872990004;68,0
614;2015-04-18;2015-04-23;6;67,95454485028529;70,0
615;2015-04-18;2015-04-24;7;62,08312945896738;73,0
616;2015-04-25;2015-04-25;1;61,79499498757182;72,0
617;2015-04-25;2015-04-26;2;60,00219812833023;69,0
618;2015-04-25;2015-04-27;3;57,35909812050301;66,0
619;2015-04-25;2015-04-28;4;57,34133759097217;64,0
620;2015-04-25;2015-04-29;5;56,02202021282071;61,0
621;2015-04-25;2015-04-30;6;57,7273187850384;58,0
622;2015-04-25;2015-05-01;7;58,16028437047289;57,0
623;2015-05-02;2015-05-02;1;60,19219778752113;55,0
624;2015-05-02;2015-05-03;2;64,37885784817641;54,0
625;2015-05-02;2015-05-04;3;67,27319286062999;52,0
626;2015-05-02;2015-05-05;4;70,74109318380516;52,0
627;2015-05-02;2015-05-06;5;71,43537950167507;54,0
628;2015-05-02;2015-05-07;6;69,79238617893961;55,0
629;2015-05-02;2015-05-08;7;71,162080051153;55,0
630;2015-05-09;2015-05-09;1;65,02031132484166;52,0
631;2015-05-09;2015-05-10;2;65,35025491679373;50,0
632;2015-05-09;2015-05-11;3;58,80873126684972;52,0
633;2015-05-09;2015-05-12;4;59,29556122495854;61,0
634;2015-05-09;2015-05-13;5;55,79112667960133;67,0
635;2015-05-09;2015-05-14;6;55,71326052374834;64,0
636;2015-05-09;2015-05-15;7;52,85360719372875;57,0
637;2015-05-16;2015-05-16;1;52,50667140644122;53,0
638;2015-05-16;2015-05-17;2;52,49848455465211;51,0
639;2015-05-16;2015-05-18;3;51,970003299891516;49,0
640;2015-05-16;2015-05-19;4;54,39488342287658;47,0
641;2015-05-16;2015-05-20;5;54,2555952638552;47,0
642;2015-05-16;2015-05-21;6;51,94309430056219;46,0
643;2015-05-16;2015-05-22;7;53,36099193625309;46,0
644;2015-05-23;2015-05-23;1;54,8247527182181;46,0
645;2015-05-23;2015-05-24;2;62,37164205390539;45,0
646;2015-05-23;2015-05-25;3;67,0697082110625;45,0
647;2015-05-23;2015-05-26;4;63,36101085646689;44,0
648;2015-05-23;2015-05-27;5;56,64847070995756;43,0
649;2015-05-23;2015-05-28;6;53,14987033595471;42,0
650;2015-05-23;2015-05-29;7;50,794554561877085;42,0
651;2015-05-30;2015-05-30;1;49,032360049370475;42,0
652;2015-05-30;2015-05-31;2;47,05291591984499;42,0
653;2015-05-30;2015-06-01;3;46,25873242265222;42,0
654;2015-05-30;2015-06-02;4;46,1597150416829;43,0
655;2015-05-30;2015-06-03;5;46,90099343161506;44,0
656;2015-05-30;2015-06-04;6;46,44241994336074;44,0
657;2015-05-30;2015-06-05;7;42,99787504963188;43,0
658;2015-06-06;2015-06-06;1;47,68416267435792;42,0
659;2015-06-06;2015-06-07;2;44,252570250902444;41,0
660;2015-06-06;2015-06-08;3;44,086010559449996;40,0
661;2015-06-06;2015-06-09;4;44,45781406239215;40,0
662;2015-06-06;2015-06-10;5;41,44473889324127;39,0
663;2015-06-06;2015-06-11;6;45,23364774657362;38,0
664;2015-06-06;2015-06-12;7;44,4981125831143;38,0
665;2015-06-13;2015-06-13;1;44,302036990677664;37,0
666;2015-06-13;2015-06-14;2;49,067174125249004;37,0
667;2015-06-13;2015-06-15;3;49,66241890690683;36,0
668;2015-06-13;2015-06-16;4;44,53316773020109;36,0
669;2015-06-13;2015-06-17;5;43,13605585150722;37,0
670;2015-06-13;2015-06-18;6;41,81054519592083;37,0
671;2015-06-13;2015-06-19;7;41,29047192194219;37,0
672;2015-06-20;2015-06-20;1;40,24780382641459;37,0
673;2015-06-20;2015-06-21;2;40,67414086196681;37,0
674;2015-06-20;2015-06-22;3;38,85201594492229;37,0
675;2015-06-20;2015-06-23;4;38,05938973371888;37,0
676;2015-06-20;2015-06-24;5;37,74290653249296;36,0
677;2015-06-20;2015-06-25;6;38,52570675944012;36,0
678;2015-06-20;2015-06-26;7;36,85194218801863;36,0
679;2015-06-27;2015-06-27;1;35,805879346962115;36,0
680;2015-06-27;2015-06-28;2;36,14648454419756;36,0
681;2015-06-27;2015-06-29;3;37,85223475612401;36,0
682;2015-06-27;2015-06-30;4;36,85493749643662;36,0
683;2015-06-27;2015-07-01;5;37,74687757842613;35,0
684;2015-06-27;2015-07-02;6;36,76544012511069;35,0
685;2015-06-27;2015-07-03;7;37,627910652817164;34,0
686;2015-07-04;2015-07-04;1;37,389882773460116;34,0
687;2015-07-04;2015-07-05;2;37,096365159282136;34,0
688;2015-07-04;2015-07-06;3;35,85533980939034;34,0
689;2015-07-04;2015-07-07;4;36,01267739238016;33,0
690;2015-07-04;2015-07-08;5;36,28777045887059;33,0
691;2015-07-04;2015-07-09;6;36,553941319827366;33,0
692;2015-07-04;2015-07-10;7;36,33297739607169;33,0
693;2015-07-11;2015-07-11;1;36,74023349120595;33,0
694;2015-07-11;2015-07-12;2;36,55708539064971;32,0
695;2015-07-11;2015-07-13;3;35,62866331071589;32,0
696;2015-07-11;2015-07-14;4;35,315834112699406;31,0
697;2015-07-11;2015-07-15;5;34,37230678579507;31,0
698;2015-07-11;2015-07-16;6;34,20545513921135;31,0
699;2015-07-11;2015-07-17;7;34,48282715944658;30,0
700;2015-07-18;2015-07-18;1;34,46902409032317;30,0
701;2015-07-18;2015-07-19;2;33,74454817251483;29,0
702;2015-07-18;2015-07-20;3;33,70019116690846;29,0
703;2015-07-18;2015-07-21;4;33,752976702318044;29,0
704;2015-07-18;2015-07-22;5;33,68080643333746;28,0
705;2015-07-18;2015-07-23;6;33,57856189391284;28,0
706;2015-07-18;2015-07-24;7;32,70005584737539;28,0
707;2015-07-25;2015-07-25;1;32,357460710388644;28,0
708;2015-07-25;2015-07-26;2;31,79013272730192;28,0
709;2015-07-25;2015-07-27;3;31,37225298799539;28,0
710;2015-07-25;2015-07-28;4;31,29755404716408;28,0
711;2015-07-25;2015-07-29;5;30,828668977190727;28,0
712;2015-07-25;2015-07-30;6;30,400072153188553;27,0
713;2015-07-25;2015-07-31;7;29,778130822943115;27,0
714;2015-08-01;2015-08-01;1;29,76657965008957;27,0
715;2015-08-01;2015-08-02;2;29,336601961629572;26,0
716;2015-08-01;2015-08-03;3;28,994129960617656;26,0
717;2015-08-01;2015-08-04;4;29,405743193753125;25,0
718;2015-08-01;2015-08-05;5;29,173330047262187;25,0
719;2015-08-01;2015-08-06;6;29,344514533667482;25,0
720;2015-08-01;2015-08-07;7;29,834388956109354;25,0
721;2015-08-08;2015-08-08;1;29,466323835033812;25,0
722;2015-08-08;2015-08-09;2;29,352036343193557;25,0
723;2015-08-08;2015-08-10;3;29,11260713409691;24,0
724;2015-08-08;2015-08-11;4;28,44130356666287;24,0
725;2015-08-08;2015-08-12;5;28,45126909922647;24,0
726;2015-08-08;2015-08-13;6;28,28612356352053;24,0
727;2015-08-08;2015-08-14;7;27,613251228805986;24,0
728;2015-08-15;2015-08-15;1;27,395212587790134;24,0
729;2015-08-15;2015-08-16;2;26,693195653502695;24,0
730;2015-08-15;2015-08-17;3;26,69541755380801;24,0
731;2015-08-15;2015-08-18;4;26,700381299511672;24,0
732;2015-08-15;2015-08-19;5;26,704328233783844;24,0
733;2015-08-15;2015-08-20;6;26,603912878117818;24,0
734;2015-08-15;2015-08-21;7;26,62797640608846;24,0
735;2015-08-22;2015-08-22;1;25,410775609214408;24,0
736;2015-08-22;2015-08-23;2;25,5226954961877;24,0
737;2015-08-22;2015-08-24;3;25,664282866676192;24,0
738;2015-08-22;2015-08-25;4;25,962153244202167;25,0
739;2015-08-22;2015-08-26;5;25,447774625511872;26,0
740;2015-08-22;2015-08-27;6;23,112353957878216;27,0
741;2015-08-22;2015-08-28;7;23,197866572479278;30,0
742;2015-08-29;2015-08-29;1;23,85625785592631;32,0
743;2015-08-29;2015-08-30;2;24,789391094694682;31,0
744;2015-08-29;2015-08-31;3;25,04201993376235;31,0
745;2015-08-29;2015-09-01;4;25,93374270531661;31,0
746;2015-08-29;2015-09-02;5;25,197338156977633;30,0
747;2015-08-29;2015-09-03;6;25,915051212449082;30,0
748;2015-08-29;2015-09-04;7;25,42294978314699;29,0
749;2015-09-05;2015-09-05;1;26,829879302134636;29,0
750;2015-09-05;2015-09-06;2;30,570840589073402;29,0
751;2015-09-05;2015-09-07;3;29,362449169712455;30,0
752;2015-09-05;2015-09-08;4;28,940205169692796;31,0
753;2015-09-05;2015-09-09;5;31,95857444580771;36,0
754;2015-09-05;2015-09-10;6;32,76674461194512;49,0
755;2015-09-05;2015-09-11;7;30,541360454478156;61,0
756;2015-09-12;2015-09-12;1;32,77757713553499;68,0
757;2015-09-12;2015-09-13;2;29,235563258237104;75,0
758;2015-09-12;2015-09-14;3;31,474571270040382;77,0
759;2015-09-12;2015-09-15;4;32,254914036584154;68,0
760;2015-09-12;2015-09-16;5;27,85214653302436;61,0
761;2015-09-12;2015-09-17;6;32,0036232631773;54,0
762;2015-09-12;2015-09-18;7;30,795233421250455;49,0
763;2015-09-19;2015-09-19;1;36,27261991618851;44,0
764;2015-09-19;2015-09-20;2;39,3663711606193;41,0
765;2015-09-19;2015-09-21;3;48,19834757148891;38,0
766;2015-09-19;2015-09-22;4;53,897204541116935;36,0
767;2015-09-19;2015-09-23;5;64,3960447274355;35,0
768;2015-09-19;2015-09-24;6;69,54360503026504;34,0
769;2015-09-19;2015-09-25;7;75,21185636458199;33,0
770;2015-09-26;2015-09-26;1;76,14034533325935;32,0
771;2015-09-26;2015-09-27;2;67,34895778238167;31,0
772;2015-09-26;2015-09-28;3;61,0041813384586;32,0
773;2015-09-26;2015-09-29;4;54,13399379821117;35,0
774;2015-09-26;2015-09-30;5;48,08478020184045;34,0
775;2015-09-26;2015-10-01;6;44,01265292760164;32,0
776;2015-09-26;2015-10-02;7;40,626364094357825;35,0
777;2015-10-03;2015-10-03;1;38,208163630543005;37,0
778;2015-10-03;2015-10-04;2;37,09554730328049;38,0
779;2015-10-03;2015-10-05;3;34,19449362196506;40,0
780;2015-10-03;2015-10-06;4;34,73641592517541;37,0
781;2015-10-03;2015-10-07;5;35,08880744900367;35,0
782;2015-10-03;2015-10-08;6;32,45288420291488;32,0
783;2015-10-03;2015-10-09;7;32,92321616647029;31,0
784;2015-10-10;2015-10-10;1;33,937197145585806;30,0
785;2015-10-10;2015-10-11;2;37,272233785050894;30,0
786;2015-10-10;2015-10-12;3;35,377442618884295;29,0
787;2015-10-10;2015-10-13;4;34,55551921773433;28,0
788;2015-10-10;2015-10-14;5;38,020383587720026;28,0
789;2015-10-10;2015-10-15;6;36,25332590393034;27,0
790;2015-10-10;2015-10-16;7;38,63386477828934;27,0
791;2015-10-17;2015-10-17;1;39,69805988793636;27,0
792;2015-10-17;2015-10-18;2;37,482695592245946;27,0
793;2015-10-17;2015-10-19;3;35,362118903990805;27,0
794;2015-10-17;2015-10-20;4;32,58270001300098;27,0
795;2015-10-17;2015-10-21;5;31,358846927823578;27,0
796;2015-10-17;2015-10-22;6;30,563456622692005;27,0
797;2015-10-17;2015-10-23;7;31,829523706610296;28,0
798;2015-10-24;2015-10-24;1;31,19877585099047;29,0
799;2015-10-24;2015-10-25;2;27,966290728787897;31,0
800;2015-10-24;2015-10-26;3;28,542959354312632;33,0
801;2015-10-24;2015-10-27;4;29,094309708416628;34,0
802;2015-10-24;2015-10-28;5;31,167470532931016;36,0
803;2015-10-24;2015-10-29;6;30,278673305744462;43,0
804;2015-10-24;2015-10-30;7;26,375878259894638;51,0
805;2015-10-31;2015-10-31;1;30,976421064107374;52,0
806;2015-10-31;2015-11-01;2;29,618299834504647;49,0
807;2015-10-31;2015-11-02;3;30,773235682363467;45,0
808;2015-10-31;2015-11-03;4;35,47582005278988;48,0
809;2015-10-31;2015-11-04;5;32,226783517202875;57,0
810;2015-10-31;2015-11-05;6;32,964951012117176;72,0
811;2015-10-31;2015-11-06;7;34,68950802343819;71,0
812;2015-11-07;2015-11-07;1;36,45195282309067;60,0
813;2015-11-07;2015-11-08;2;41,42299259369106;64,0
814;2015-11-07;2015-11-09;3;41,3551608012513;92,0
815;2015-11-07;2015-11-10;4;45,44660984026733;115,0
816;2015-11-07;2015-11-11;5;51,756712815600515;112,0
817;2015-11-07;2015-11-12;6;53,39172136499688;97,0
818;2015-11-07;2015-11-13;7;51,367140782502254;79,0
819;2015-11-14;2015-11-14;1;47,82095440713335;73,0
820;2015-11-14;2015-11-15;2;45,00020678766152;72,0
821;2015-11-14;2015-11-16;3;56,97506297636488;71,0
822;2015-11-14;2015-11-17;4;74,13128097740864;73,0
823;2015-11-14;2015-11-18;5;71,05790589544718;94,0
824;2015-11-14;2015-11-19;6;58,08394120450019;111,0
825;2015-11-14;2015-11-20;7;66,21635462094943;117,0
826;2015-11-21;2015-11-21;1;92,23570440998131;133,0
827;2015-11-21;2015-11-22;2;108,40237871159825;141,0
828;2015-11-21;2015-11-23;3;111,10253243195714;134,0
829;2015-11-21;2015-11-24;4;91,89241959890572;117,0
830;2015-11-21;2015-11-25;5;79,03095068739555;113,0
831;2015-11-21;2015-11-26;6;74,68108273596575;101,0
832;2015-11-21;2015-11-27;7;68,67144376057534;85,0
833;2015-11-28;2015-11-28;1;69,04947250865634;74,0
834;2015-11-28;2015-11-29;2;78,82303337212053;69,0
835;2015-11-28;2015-11-30;3;97,03107553079008;97,0
836;2015-11-28;2015-12-01;4;110,64283357973576;161,0
837;2015-11-28;2015-12-02;5;112,99446346362411;196,0
838;2015-11-28;2015-12-03;6;132,89066533713284;204,0
839;2015-11-28;2015-12-04;7;142,42520145276234;214,0
840;2015-12-05;2015-12-05;1;129,86301549063703;216,0
841;2015-12-05;2015-12-06;2;116,25921451008682;203,0
842;2015-12-05;2015-12-07;3;108,64464446481418;180,0
843;2015-12-05;2015-12-08;4;98,42897245732053;155,0
844;2015-12-05;2015-12-09;5;87,92384798969073;146,0
845;2015-12-05;2015-12-10;6;73,57403516507519;139,0
846;2015-12-05;2015-12-11;7;73,22808023871065;125,0
847;2015-12-12;2015-12-12;1;104,10396273055828;121,0
848;2015-12-12;2015-12-13;2;163,2339818334993;147,0
849;2015-12-12;2015-12-14;3;195,05445872351146;176,0
850;2015-12-12;2015-12-15;4;196,3293849370308;170,0
851;2015-12-12;2015-12-16;5;213,63142485295165;157,0
852;2015-12-12;2015-12-17;6;209,8319265745184;141,0
853;2015-12-12;2015-12-18;7;201,99525380088454;138,0
854;2015-12-19;2015-12-19;1;175,46719132197495;140,0
855;2015-12-19;2015-12-20;2;152,27368562524103;142,0
856;2015-12-19;2015-12-21;3;149,0654502740929;135,0
857;2015-12-19;2015-12-22;4;136,85621178385506;114,0
858;2015-12-19;2015-12-23;5;121,18847887285575;90,0
859;2015-12-19;2015-12-24;6;121,63818054801905;85,0
860;2015-12-19;2015-12-25;7;149,50007284011113;82,0
861;2015-12-26;2015-12-26;1;173,466124871937;84,0
862;2015-12-26;2015-12-27;2;170,60794353334268;92,0
863;2015-12-26;2015-12-28;3;156,33862890271124;91,0
864;2015-12-26;2015-12-29;4;140,6162665118683;75,0
865;2015-12-26;2015-12-30;5;133,75711894643294;76,0
866;2015-12-26;2015-12-31;6;140,14131845602506;79,0
867;2015-12-26;2016-01-01;7;140,028373367263;83,0
868;2016-01-02;2016-01-02;1;134,90273761039023;87,0
869;2016-01-02;2016-01-03;2;111,64368107180094;94,0
870;2016-01-02;2016-01-04;3;89,25245441482402;105,0
871;2016-01-02;2016-01-05;4;82,02556198019528;116,0
872;2016-01-02;2016-01-06;5;79,04525701135523;111,0
873;2016-01-02;2016-01-07;6;84,46750203374681;93,0
874;2016-01-02;2016-01-08;7;95,44820787476974;87,0
875;2016-01-09;2016-01-09;1;89,17737655804649;84,0
876;2016-01-09;2016-01-10;2;75,97171780755593;86,0
877;2016-01-09;2016-01-11;3;78,11668927890264;91,0
878;2016-01-09;2016-01-12;4;81,02973601416234;95,0
879;2016-01-09;2016-01-13;5;83,39495465649735;106,0
880;2016-01-09;2016-01-14;6;86,90650838007636;137,0
881;2016-01-09;2016-01-15;7;97,43533477207646;183,0
882;2016-01-16;2016-01-16;1;106,83121228706685;258,0
883;2016-01-16;2016-01-17;2;115,80910788095763;355,0
884;2016-01-16;2016-01-18;3;100,92748389490404;412,0
885;2016-01-16;2016-01-19;4;100,25107065262111;413,0
886;2016-01-16;2016-01-20;5;84,03635563824146;376,0
887;2016-01-16;2016-01-21;6;89,06305883770239;291,0
888;2016-01-16;2016-01-22;7;95,17042424907814;215,0
889;2016-01-23;2016-01-23;1;94,98118490548119;192,0
890;2016-01-23;2016-01-24;2;101,14951571760878;179,0
891;2016-01-23;2016-01-25;3;112,39565123401024;169,0
892;2016-01-23;2016-01-26;4;145,69713474033333;161,0
893;2016-01-23;2016-01-27;5;186,24549592177115;156,0
894;2016-01-23;2016-01-28;6;260,52682289928924;166,0
895;2016-01-23;2016-01-29;7;357,7812248969901;236,0
896;2016-01-30;2016-01-30;1;413,3704698262472;317,0
897;2016-01-30;2016-01-31;2;405,9112271265253;292,0
898;2016-01-30;2016-02-01;3;376,69813442853143;223,0
899;2016-01-30;2016-02-02;4;282,6858720895862;175,0
900;2016-01-30;2016-02-03;5;214,52011056464923;151,0
901;2016-01-30;2016-02-04;6;192,34552030333262;140,0
902;2016-01-30;2016-02-05;7;178,73176763648485;132,0
903;2016-02-06;2016-02-06;1;170,7524689638702;126,0
904;2016-02-06;2016-02-07;2;165,30509067352284;119,0
905;2016-02-06;2016-02-08;3;154,35067005561277;117,0
906;2016-02-06;2016-02-09;4;163,88084160879956;120,0
907;2016-02-06;2016-02-10;5;248,76930343302257;115,0
908;2016-02-06;2016-02-11;6;321,3430488512729;107,0
909;2016-02-06;2016-02-12;7;290,1811047501571;106,0
910;2016-02-13;2016-02-13;1;219,8890923539944;109,0
911;2016-02-13;2016-02-14;2;173,6392897874604;110,0
912;2016-02-13;2016-02-15;3;152,52215144511226;104,0
913;2016-02-13;2016-02-16;4;140,1806230651849;103,0
914;2016-02-13;2016-02-17;5;131,07025268772634;116,0
915;2016-02-13;2016-02-18;6;123,94913893824345;127,0
916;2016-02-13;2016-02-19;7;116,65960621613324;134,0
917;2016-02-20;2016-02-20;1;116,18076863044834;141,0
918;2016-02-20;2016-02-21;2;121,92825039141519;143,0
919;2016-02-20;2016-02-22;3;113,61205347575148;161,0
920;2016-02-20;2016-02-23;4;105,98687401378021;196,0
921;2016-02-20;2016-02-24;5;102,89566316749531;208,0
922;2016-02-20;2016-02-25;6;107,15339795976128;179,0
923;2016-02-20;2016-02-26;7;109,95242749079873;154,0
924;2016-02-27;2016-02-27;1;101,03151800801365;156,0
925;2016-02-27;2016-02-28;2;100,44186145802988;145,0
926;2016-02-27;2016-02-29;3;115,33499326592873;131,0
927;2016-02-27;2016-03-01;4;127,09855082268064;129,0
928;2016-02-27;2016-03-02;5;137,92170756103167;135,0
929;2016-02-27;2016-03-03;6;138,85772418377795;129,0
930;2016-02-27;2016-03-04;7;135,93040608598272;119,0
931;2016-03-05;2016-03-05;1;161,14087354545228;121,0
932;2016-03-05;2016-03-06;2;197,48257229202113;127,0
933;2016-03-05;2016-03-07;3;202,50250115473298;164,0
934;2016-03-05;2016-03-08;4;173,6870546646579;198,0
935;2016-03-05;2016-03-09;5;148,7343006485399;144,0
936;2016-03-05;2016-03-10;6;158,60504152614487;124,0
937;2016-03-05;2016-03-11;7;137,9026691440102;115,0
938;2016-03-12;2016-03-12;1;128,11528415277468;123,0
939;2016-03-12;2016-03-13;2;129,69435840666296;140,0
940;2016-03-12;2016-03-14;3;137,30646962606417;144,0
941;2016-03-12;2016-03-15;4;126,87836009252902;136,0
942;2016-03-12;2016-03-16;5;123,51630497724065;122,0
943;2016-03-12;2016-03-17;6;116,69680631395676;117,0
944;2016-03-12;2016-03-18;7;132,07734039315238;115,0
945;2016-03-19;2016-03-19;1;166,14825277343672;114,0
946;2016-03-19;2016-03-20;2;188,2341980796716;109,0
947;2016-03-19;2016-03-21;3;142,33189122178962;102,0
948;2016-03-19;2016-03-22;4;127,3431319290236;100,0
949;2016-03-19;2016-03-23;5;115,23176499322159;100,0
950;2016-03-19;2016-03-24;6;124,30340350602114;137,0
951;2016-03-19;2016-03-25;7;137,66474214624756;182,0
952;2016-03-26;2016-03-26;1;137,98512263970332;159,0
953;2016-03-26;2016-03-27;2;132,91118303360307;156,0
954;2016-03-26;2016-03-28;3;115,8743345090449;167,0
955;2016-03-26;2016-03-29;4;110,99621000784869;156,0
956;2016-03-26;2016-03-30;5;118,54252336572922;135,0
957;2016-03-26;2016-03-31;6;113,60178153103965;134,0
958;2016-03-26;2016-04-01;7;110,76232267956783;134,0
959;2016-04-02;2016-04-02;1;100,70123792466856;130,0
960;2016-04-02;2016-04-03;2;97,97516811041221;126,0
961;2016-04-02;2016-04-04;3;106,57056352937643;116,0
962;2016-04-02;2016-04-05;4;141,2378385616879;107,0
963;2016-04-02;2016-04-06;5;176,72879566946466;101,0
964;2016-04-02;2016-04-07;6;156,20190898351925;96,0
965;2016-04-02;2016-04-08;7;157,71146278312537;93,0
966;2016-04-09;2016-04-09;1;167,22315793201116;89,0
967;2016-04-09;2016-04-10;2;152,34590839203898;86,0
968;2016-04-09;2016-04-11;3;134,39442085693727;83,0
969;2016-04-09;2016-04-12;4;131,64083677434604;80,0
970;2016-04-09;2016-04-13;5;137,23428217194873;78,0
971;2016-04-09;2016-04-14;6;124,12025300445754;77,0
972;2016-04-09;2016-04-15;7;126,22638139665202;75,0
973;2016-04-16;2016-04-16;1;114,38905488460549;74,0
974;2016-04-16;2016-04-17;2;106,17063288404078;72,0
975;2016-04-16;2016-04-18;3;101,20461943373861;70,0
976;2016-04-16;2016-04-19;4;96,02988274712243;69,0
977;2016-04-16;2016-04-20;5;95,13953345740941;68,0
978;2016-04-16;2016-04-21;6;87,65785849388527;67,0
979;2016-04-16;2016-04-22;7;89,58471687625229;66,0
980;2016-04-23;2016-04-23;1;82,92967608296871;65,0
981;2016-04-23;2016-04-24;2;79,6685229767448;64,0
982;2016-04-23;2016-04-25;3;78,05591210523819;63,0
983;2016-04-23;2016-04-26;4;77,04969046314741;62,0
984;2016-04-23;2016-04-27;5;75,02597455778165;62,0
985;2016-04-23;2016-04-28;6;74,00432247364145;62,0
986;2016-04-23;2016-04-29;7;72,22423370650185;63,0
987;2016-04-30;2016-04-30;1;69,76241912123766;64,0
988;2016-04-30;2016-05-01;2;68,88146021599896;65,0
989;2016-04-30;2016-05-02;3;68,04539195286311;65,0
990;2016-04-30;2016-05-03;4;67,31001537554698;64,0
991;2016-04-30;2016-05-04;5;65,92481296152033;63,0
992;2016-04-30;2016-05-05;6;65,6140585258707;62,0
993;2016-04-30;2016-05-06;7;63,21838846994367;61,0
994;2016-05-07;2016-05-07;1;62,97234046066667;60,0
995;2016-05-07;2016-05-08;2;61,78955328827899;59,0
996;2016-05-07;2016-05-09;3;61,61031304197632;59,0
997;2016-05-07;2016-05-10;4;61,86314258975916;58,0
998;2016-05-07;2016-05-11;5;62,28186324072117;58,0
999;2016-05-07;2016-05-12;6;64,5835781305803;58,0
1000;2016-05-07;2016-05-13;7;64,71813927953116;57,0
1001;2016-05-14;2016-05-14;1;65,13965052089323;57,0
1002;2016-05-14;2016-05-15;2;65,00252985666026;57,0
1003;2016-05-14;2016-05-16;3;64,04515938382256;57,0
1004;2016-05-14;2016-05-17;4;62,07142664835826;56,0
1005;2016-05-14;2016-05-18;5;61,63628725405232;57,0
1006;2016-05-14;2016-05-19;6;60,157215660953774;58,0
1007;2016-05-14;2016-05-20;7;59,983435656907325;60,0
1008;2016-05-21;2016-05-21;1;58,14318897588735;60,0
1009;2016-05-21;2016-05-22;2;57,61201617431793;60,0
1010;2016-05-21;2016-05-23;3;58,421504898962766;59,0
1011;2016-05-21;2016-05-24;4;57,22222093205735;58,0
1012;2016-05-21;2016-05-25;5;57,20001503603694;57,0
1013;2016-05-21;2016-05-26;6;56,44697901050909;56,0
1014;2016-05-21;2016-05-27;7;57,48712973878255;56,0
1015;2016-05-28;2016-05-28;1;57,01175967523891;55,0
1016;2016-05-28;2016-05-29;2;55,70529178987628;55,0
1017;2016-05-28;2016-05-30;3;57,21878592514103;55,0
1018;2016-05-28;2016-05-31;4;59,035304202653286;55,0
1019;2016-05-28;2016-06-01;5;60,17444015369139;56,0
1020;2016-05-28;2016-06-02;6;58,94602707102122;59,0
1021;2016-05-28;2016-06-03;7;61,14962608062804;68,0
1022;2016-06-04;2016-06-04;1;59,56630476870261;78,0
1023;2016-06-04;2016-06-05;2;57,73583327695965;82,0
1024;2016-06-04;2016-06-06;3;55,371724880838705;83,0
1025;2016-06-04;2016-06-07;4;54,197751909217146;83,0
1026;2016-06-04;2016-06-08;5;52,12871871074278;88,0
1027;2016-06-04;2016-06-09;6;53,49009388593496;93,0
1028;2016-06-04;2016-06-10;7;56,425530866534864;94,0
1029;2016-06-11;2016-06-11;1;56,69909079367016;83,0
1030;2016-06-11;2016-06-12;2;54,28931720139253;75,0
1031;2016-06-11;2016-06-13;3;56,06865555290238;69,0
1032;2016-06-11;2016-06-14;4;59,44579610366518;65,0
1033;2016-06-11;2016-06-15;5;68,72845389748876;61,0
1034;2016-06-11;2016-06-16;6;76,04294147792535;59,0
1035;2016-06-11;2016-06-17;7;80,26403951969411;58,0
1036;2016-06-18;2016-06-18;1;80,04403839308125;57,0
1037;2016-06-18;2016-06-19;2;82,17739684631573;56,0
1038;2016-06-18;2016-06-20;3;87,46746811761274;55,0
1039;2016-06-18;2016-06-21;4;94,07886346968347;55,0
1040;2016-06-18;2016-06-22;5;93,11930041053343;54,0
1041;2016-06-18;2016-06-23;6;82,315573448592;54,0
1042;2016-06-18;2016-06-24;7;74,67553404773409;53,0
1043;2016-06-25;2016-06-25;1;68,79824012215285;53,0
1044;2016-06-25;2016-06-26;2;64,82200188823943;52,0
1045;2016-06-25;2016-06-27;3;60,96545672101127;52,0
1046;2016-06-25;2016-06-28;4;59,301207189175834;51,0
1047;2016-06-25;2016-06-29;5;58,170936940006456;50,0
1048;2016-06-25;2016-06-30;6;56,78857647075292;50,0
1049;2016-06-25;2016-07-01;7;55,82464194247135;50,0
1050;2016-07-02;2016-07-02;1;54,887892874526344;50,0
1051;2016-07-02;2016-07-03;2;54,924299842459185;49,0
1052;2016-07-02;2016-07-04;3;54,049692571357575;49,0
1053;2016-07-02;2016-07-05;4;54,09611204972773;49,0
1054;2016-07-02;2016-07-06;5;53,232244983670604;48,0
1055;2016-07-02;2016-07-07;6;53,05680477379442;48,0
1056;2016-07-02;2016-07-08;7;52,36334807591233;47,0
1057;2016-07-09;2016-07-09;1;52,14420537432262;46,0
1058;2016-07-09;2016-07-10;2;51,08357276438454;46,0
1059;2016-07-09;2016-07-11;3;50,234108395091994;45,0
1060;2016-07-09;2016-07-12;4;50,322956003973054;45,0
1061;2016-07-09;2016-07-13;5;50,345931421821234;45,0
1062;2016-07-09;2016-07-14;6;50,031118200940845;44,0
1063;2016-07-09;2016-07-15;7;49,309750820428796;44,0
1064;2016-07-16;2016-07-16;1;49,2607105408838;43,0
1065;2016-07-16;2016-07-17;2;49,1071888978675;43,0
1066;2016-07-16;2016-07-18;3;48,37076763395419;42,0
1067;2016-07-16;2016-07-19;4;48,258384747423776;42,0
1068;2016-07-16;2016-07-20;5;47,22165912738169;41,0
1069;2016-07-16;2016-07-21;6;46,37440362830153;41,0
1070;2016-07-16;2016-07-22;7;46,2023177678016;41,0
1071;2016-07-23;2016-07-23;1;45,34629454171319;42,0
1072;2016-07-23;2016-07-24;2;45,37815146944779;42,0
1073;2016-07-23;2016-07-25;3;45,20592465094214;42,0
1074;2016-07-23;2016-07-26;4;44,437029289000314;42,0
1075;2016-07-23;2016-07-27;5;44,286935160561704;42,0
1076;2016-07-23;2016-07-28;6;43,41243667643709;41,0
1077;2016-07-23;2016-07-29;7;43,26008019758296;40,0
1078;2016-07-30;2016-07-30;1;42,51039531593373;40,0
1079;2016-07-30;2016-07-31;2;42,27498303850829;39,0
1080;2016-07-30;2016-08-01;3;41,347851562483065;39,0
1081;2016-07-30;2016-08-02;4;41,38291936532869;39,0
1082;2016-07-30;2016-08-03;5;41,51125165651428;39,0
1083;2016-07-30;2016-08-04;6;42,47756466949876;39,0
1084;2016-07-30;2016-08-05;7;42,393209671956235;38,0
1085;2016-08-06;2016-08-06;1;42,3180407673652;38,0
1086;2016-08-06;2016-08-07;2;42,51370683929458;38,0
1087;2016-08-06;2016-08-08;3;42,31794980940088;37,0
1088;2016-08-06;2016-08-09;4;41,36311010403724;38,0
1089;2016-08-06;2016-08-10;5;40,5810231849822;37,0
1090;2016-08-06;2016-08-11;6;40,10563606526434;37,0
1091;2016-08-06;2016-08-12;7;39,38568050047681;37,0
1092;2016-08-13;2016-08-13;1;39,17822927396655;37,0
1093;2016-08-13;2016-08-14;2;39,41709731267357;37,0
1094;2016-08-13;2016-08-15;3;39,3810051343872;37,0
1095;2016-08-13;2016-08-16;4;39,017151018822325;37,0
1096;2016-08-13;2016-08-17;5;38,78746058643848;37,0
1097;2016-08-13;2016-08-18;6;38,04528717487748;38,0
1098;2016-08-13;2016-08-19;7;38,41122301313361;39,0
1099;2016-08-20;2016-08-20;1;37,62678719373065;39,0
1100;2016-08-20;2016-08-21;2;38,16879944137262;39,0
1101;2016-08-20;2016-08-22;3;38,04380802492572;39,0
1102;2016-08-20;2016-08-23;4;35,980091480380004;43,0
1103;2016-08-20;2016-08-24;5;37,97377774308905;46,0
1104;2016-08-20;2016-08-25;6;37,131358309865064;44,0
1105;2016-08-20;2016-08-26;7;39,143100518951364;43,0
1106;2016-08-27;2016-08-27;1;39,25222788151168;42,0
1107;2016-08-27;2016-08-28;2;37,08325493634115;41,0
1108;2016-08-27;2016-08-29;3;37,01395105378291;40,0
1109;2016-08-27;2016-08-30;4;38,34935428771524;39,0
1110;2016-08-27;2016-08-31;5;38,483143411495575;38,0
1111;2016-08-27;2016-09-01;6;38,97749953319499;39,0
1112;2016-08-27;2016-09-02;7;38,01772912267387;42,0
1113;2016-09-03;2016-09-03;1;37,38513004670162;49,0
1114;2016-09-03;2016-09-04;2;42,5903466865994;50,0
1115;2016-09-03;2016-09-05;3;46,2564688572704;46,0
1116;2016-09-03;2016-09-06;4;43,531808060751096;43,0
1117;2016-09-03;2016-09-07;5;44,1438708868945;42,0
1118;2016-09-03;2016-09-08;6;43,0545987675926;40,0
1119;2016-09-03;2016-09-09;7;40,80553436334353;39,0
1120;2016-09-10;2016-09-10;1;40,87346367303529;39,0
1121;2016-09-10;2016-09-11;2;40,58895416632175;38,0
1122;2016-09-10;2016-09-12;3;40,09098116640485;37,0
1123;2016-09-10;2016-09-13;4;39,63296335461638;37,0
1124;2016-09-10;2016-09-14;5;44,12559365940795;36,0
1125;2016-09-10;2016-09-15;6;49,55596275699647;36,0
1126;2016-09-10;2016-09-16;7;49,74128806457939;36,0
1127;2016-09-17;2016-09-17;1;46,17251515705435;35,0
1128;2016-09-17;2016-09-18;2;43,58823165145571;35,0
1129;2016-09-17;2016-09-19;3;42,09682229404495;36,0
1130;2016-09-17;2016-09-20;4;39,710122478848405;38,0
1131;2016-09-17;2016-09-21;5;39,12891027344121;38,0
1132;2016-09-17;2016-09-22;6;38,87215051173392;38,0
1133;2016-09-17;2016-09-23;7;38,00572521999445;37,0
1134;2016-09-24;2016-09-24;1;36,76787213592382;37,0
1135;2016-09-24;2016-09-25;2;36,76406784263158;36,0
1136;2016-09-24;2016-09-26;3;37,40894735572456;36,0
1137;2016-09-24;2016-09-27;4;36,39964977238417;37,0
1138;2016-09-24;2016-09-28;5;35,46984935143919;38,0
1139;2016-09-24;2016-09-29;6;35,402936423568704;37,0
1140;2016-09-24;2016-09-30;7;35,17368140974698;36,0
1141;2016-10-01;2016-10-01;1;36,55249973407003;35,0
1142;2016-10-01;2016-10-02;2;39,424957621231165;35,0
1143;2016-10-01;2016-10-03;3;37,47178651783664;34,0
1144;2016-10-01;2016-10-04;4;39,83091800221447;35,0
1145;2016-10-01;2016-10-05;5;39,83417449308417;44,0
1146;2016-10-01;2016-10-06;6;35,87353104299079;60,0
1147;2016-10-01;2016-10-07;7;37,388500800419486;68,0
1148;2016-10-08;2016-10-08;1;38,96875765168998;61,0
1149;2016-10-08;2016-10-09;2;38,40333214115622;56,0
1150;2016-10-08;2016-10-10;3;41,15363451096332;51,0
1151;2016-10-08;2016-10-11;4;36,77012776361935;47,0
1152;2016-10-08;2016-10-12;5;35,422657655496344;46,0
1153;2016-10-08;2016-10-13;6;37,414127537222164;47,0
1154;2016-10-08;2016-10-14;7;35,85987724423096;48,0
1155;2016-10-15;2016-10-15;1;38,73680952667103;49,0
1156;2016-10-15;2016-10-16;2;38,29488529838125;54,0
1157;2016-10-15;2016-10-17;3;49,09117872078325;59,0
1158;2016-10-15;2016-10-18;4;60,01135506245354;56,0
1159;2016-10-15;2016-10-19;5;67,63327758651488;55,0
1160;2016-10-15;2016-10-20;6;59,6194084351628;54,0
1161;2016-10-15;2016-10-21;7;55,27160663276243;54,0
1162;2016-10-22;2016-10-22;1;47,610277360694006;53,0
1163;2016-10-22;2016-10-23;2;47,802394106131;50,0
1164;2016-10-22;2016-10-24;3;47,573359145487764;49,0
1165;2016-10-22;2016-10-25;4;48,710492803948235;49,0
1166;2016-10-22;2016-10-26;5;51,061018314463276;49,0
1167;2016-10-22;2016-10-27;6;48,883402839177585;52,0
1168;2016-10-22;2016-10-28;7;55,659083368705424;54,0
1169;2016-10-29;2016-10-29;1;58,348565109524934;54,0
1170;2016-10-29;2016-10-30;2;55,960618372585806;53,0
1171;2016-10-29;2016-10-31;3;53,49130110603971;53,0
1172;2016-10-29;2016-11-01;4;53,60177851883889;49,0
1173;2016-10-29;2016-11-02;5;54,637935008038966;48,0
1174;2016-10-29;2016-11-03;6;51,558783312688924;46,0
1175;2016-10-29;2016-11-04;7;55,8546395523501;51,0
1176;2016-11-05;2016-11-05;1;55,04572680605527;66,0
1177;2016-11-05;2016-11-06;2;50,15656128773016;80,0
1178;2016-11-05;2016-11-07;3;55,366408000495205;77,0
1179;2016-11-05;2016-11-08;4;58,878182771159416;74,0
1180;2016-11-05;2016-11-09;5;54,07898053090886;79,0
1181;2016-11-05;2016-11-10;6;56,79973024150217;78,0
1182;2016-11-05;2016-11-11;7;57,45467193914215;76,0
1183;2016-11-12;2016-11-12;1;55,01660968071645;86,0
1184;2016-11-12;2016-11-13;2;55,57255002188625;102,0
1185;2016-11-12;2016-11-14;3;62,006853884148576;131,0
1186;2016-11-12;2016-11-15;4;63,197116452588666;203,0
1187;2016-11-12;2016-11-16;5;59,39807521594734;278,0
1188;2016-11-12;2016-11-17;6;75,05009086945601;262,0
1189;2016-11-12;2016-11-18;7;79,36257182236322;204,0
1190;2016-11-19;2016-11-19;1;79,68660765973841;172,0
1191;2016-11-19;2016-11-20;2;76,9933218691498;161,0
1192;2016-11-19;2016-11-21;3;77,97048907987202;142,0
1193;2016-11-19;2016-11-22;4;74,13920659449813;125,0
1194;2016-11-19;2016-11-23;5;85,13624832867227;112,0
1195;2016-11-19;2016-11-24;6;94,49477762467252;100,0
1196;2016-11-19;2016-11-25;7;106,16355104489331;92,0
1197;2016-11-26;2016-11-26;1;134,00753653574998;89,0
1198;2016-11-26;2016-11-27;2;208,29747850500414;85,0
1199;2016-11-26;2016-11-28;3;281,1988770820428;81,0
1200;2016-11-26;2016-11-29;4;256,5520272563663;87,0
1201;2016-11-26;2016-11-30;5;201,43583673609064;112,0
1202;2016-11-26;2016-12-01;6;170,62743035769606;135,0
1203;2016-11-26;2016-12-02;7;161,47711236703418;121,0
1204;2016-12-03;2016-12-03;1;140,00991474155828;99,0
1205;2016-12-03;2016-12-04;2;124,94909581429255;91,0
1206;2016-12-03;2016-12-05;3;113,5829874641604;96,0
1207;2016-12-03;2016-12-06;4;98,49593382320253;115,0
1208;2016-12-03;2016-12-07;5;91,51956178841434;124,0
1209;2016-12-03;2016-12-08;6;87,43692096061946;109,0
1210;2016-12-03;2016-12-09;7;83,71568447849106;101,0
1211;2016-12-10;2016-12-10;1;84,07290181197448;130,0
1212;2016-12-10;2016-12-11;2;90,16530138742841;163,0
1213;2016-12-10;2016-12-12;3;111,9346376713439;154,0
1214;2016-12-10;2016-12-13;4;134,98226527363119;142,0
1215;2016-12-10;2016-12-14;5;119,39394940168664;142,0
1216;2016-12-10;2016-12-15;6;96,95367308834126;165,0
1217;2016-12-10;2016-12-16;7;90,29414054422801;195,0
1218;2016-12-17;2016-12-17;1;94,44003483496326;209,0
1219;2016-12-17;2016-12-18;2;114,65107500327784;195,0
1220;2016-12-17;2016-12-19;3;123,50633600562013;166,0
1221;2016-12-17;2016-12-20;4;107,45479057365132;140,0
1222;2016-12-17;2016-12-21;5;96,94633547916442;126,0
1223;2016-12-17;2016-12-22;6;132,39135124468507;117,0
1224;2016-12-17;2016-12-23;7;159,71584930077861;120,0
1225;2016-12-24;2016-12-24;1;151,71345357660337;123,0
1226;2016-12-24;2016-12-25;2;135,78334008804893;110,0
1227;2016-12-24;2016-12-26;3;141,7937315416158;106,0
1228;2016-12-24;2016-12-27;4;165,82124507223674;105,0
1229;2016-12-24;2016-12-28;5;194,92719877010367;101,0
1230;2016-12-24;2016-12-29;6;213,85944611180298;97,0
1231;2016-12-24;2016-12-30;7;194,1618302741559;94,0
1232;2016-12-31;2016-12-31;1;161,69577222034926;88,0
1233;2016-12-31;2017-01-01;2;138,51553019003688;83,0
1234;2016-12-31;2017-01-02;3;121,87762822112857;81,0
1235;2016-12-31;2017-01-03;4;118,16407539141244;81,0
1236;2016-12-31;2017-01-04;5;119,78790848766052;101,0
1237;2016-12-31;2017-01-05;6;117,6866676564804;126,0
1238;2016-12-31;2017-01-06;7;106,75912283482799;112,0
1239;2017-01-07;2017-01-07;1;110,00817586400437;102,0
1240;2017-01-07;2017-01-08;2;103,76165215973982;112,0
1241;2017-01-07;2017-01-09;3;101,08130371594524;142,0
1242;2017-01-07;2017-01-10;4;99,41041906575074;157,0
1243;2017-01-07;2017-01-11;5;92,44227485075231;144,0
1244;2017-01-07;2017-01-12;6;86,54985081846995;137,0
1245;2017-01-07;2017-01-13;7;82,39569542719155;153,0
1246;2017-01-14;2017-01-14;1;78,78291919397226;177,0
1247;2017-01-14;2017-01-15;2;80,7487483471497;194,0
1248;2017-01-14;2017-01-16;3;102,28033522477179;197,0
1249;2017-01-14;2017-01-17;4;123,84546841193685;221,0
1250;2017-01-14;2017-01-18;5;103,21759429497789;243,0
1251;2017-01-14;2017-01-19;6;100,90143663756207;210,0
1252;2017-01-14;2017-01-20;7;112,5753314143301;169,0
1253;2017-01-21;2017-01-21;1;145,35042297793407;157,0
1254;2017-01-21;2017-01-22;2;157,06790403621375;153,0
1255;2017-01-21;2017-01-23;3;138,77939067476282;151,0
1256;2017-01-21;2017-01-24;4;132,05972152342653;164,0
1257;2017-01-21;2017-01-25;5;149,64941158173045;200,0
1258;2017-01-21;2017-01-26;6;177,28342283129152;224,0
1259;2017-01-21;2017-01-27;7;187,49875814125264;207,0
1260;2017-01-28;2017-01-28;1;201,24800686487595;191,0
1261;2017-01-28;2017-01-29;2;226,24153190797867;174,0
1262;2017-01-28;2017-01-30;3;244,20618426351578;151,0
1263;2017-01-28;2017-01-31;4;205,12847512648517;141,0
1264;2017-01-28;2017-02-01;5;165,814751083103;135,0
1265;2017-01-28;2017-02-02;6;157,16208654643665;135,0
1266;2017-01-28;2017-02-03;7;150,92210691230727;138,0
1267;2017-02-04;2017-02-04;1;144,8982445426082;140,0
1268;2017-02-04;2017-02-05;2;165,5652575357132;144,0
1269;2017-02-04;2017-02-06;3;199,73143438231548;146,0
1270;2017-02-04;2017-02-07;4;223,57503803737904;153,0
1271;2017-02-04;2017-02-08;5;206,24435268314315;142,0
1272;2017-02-04;2017-02-09;6;191,84852489690175;124,0
1273;2017-02-04;2017-02-10;7;171,67568530975197;117,0
1274;2017-02-11;2017-02-11;1;149,1020457630643;109,0
1275;2017-02-11;2017-02-12;2;137,8114564038674;103,0
1276;2017-02-11;2017-02-13;3;136,28863375420298;100,0
1277;2017-02-11;2017-02-14;4;134,048699141174;97,0
1278;2017-02-11;2017-02-15;5;137,57371211654356;94,0
1279;2017-02-11;2017-02-16;6;138,1937274137635;90,0
1280;2017-02-11;2017-02-17;7;141,8861311925173;85,0
1281;2017-02-18;2017-02-18;1;144,33389899230738;80,0
1282;2017-02-18;2017-02-19;2;152,41055702486406;76,0
1283;2017-02-18;2017-02-20;3;138,6958911695149;74,0
1284;2017-02-18;2017-02-21;4;124,58584565750853;71,0
1285;2017-02-18;2017-02-22;5;116,65745027662203;69,0
1286;2017-02-18;2017-02-23;6;108,6944663891895;67,0
1287;2017-02-18;2017-02-24;7;102,6623456553288;66,0
1288;2017-02-25;2017-02-25;1;99,82580560461966;71,0
1289;2017-02-25;2017-02-26;2;97,65280417434658;81,0
1290;2017-02-25;2017-02-27;3;92,57267242382468;87,0
1291;2017-02-25;2017-02-28;4;88,75623859990408;97,0
1292;2017-02-25;2017-03-01;5;83,52886019101557;111,0
1293;2017-02-25;2017-03-02;6;78,49769834428785;120,0
1294;2017-02-25;2017-03-03;7;75,76897645855342;119,0
1295;2017-03-04;2017-03-04;1;73,64365023548365;114,0
1296;2017-03-04;2017-03-05;2;69,6803531964384;117,0
1297;2017-03-04;2017-03-06;3;68,12563327762022;113,0
1298;2017-03-04;2017-03-07;4;69,64271205135668;102,0
1299;2017-03-04;2017-03-08;5;63,836733160268274;95,0
1300;2017-03-04;2017-03-09;6;74,79727631246007;96,0
1301;2017-03-04;2017-03-10;7;77,86338754466195;99,0
1302;2017-03-11;2017-03-11;1;88,95842265583768;99,0
1303;2017-03-11;2017-03-12;2;97,51813534313958;93,0
1304;2017-03-11;2017-03-13;3;112,1229976131542;87,0
1305;2017-03-11;2017-03-14;4;123,24943926988576;84,0
1306;2017-03-11;2017-03-15;5;119,95637856764789;81,0
1307;2017-03-11;2017-03-16;6;111,47772152737576;81,0
1308;2017-03-11;2017-03-17;7;113,51620288131056;84,0
1309;2017-03-18;2017-03-18;1;108,44395253077084;82,0
1310;2017-03-18;2017-03-19;2;104,49895647204309;76,0
1311;2017-03-18;2017-03-20;3;95,98586943649599;83,0
1312;2017-03-18;2017-03-21;4;95,82377207442416;96,0
1313;2017-03-18;2017-03-22;5;101,51663512094015;101,0
1314;2017-03-18;2017-03-23;6;96,36585072504283;95,0
1315;2017-03-18;2017-03-24;7;95,66657650771154;84,0
1316;2017-03-25;2017-03-25;1;89,03835820110486;78,0
1317;2017-03-25;2017-03-26;2;89,12262832026197;75,0
1318;2017-03-25;2017-03-27;3;73,99400134582027;72,0
1319;2017-03-25;2017-03-28;4;80,81041513788188;70,0
1320;2017-03-25;2017-03-29;5;81,95384249233874;68,0
1321;2017-03-25;2017-03-30;6;84,1185367752646;66,0
1322;2017-03-25;2017-03-31;7;81,42529830840127;64,0
1323;2017-04-01;2017-04-01;1;85,6507978391017;63,0
1324;2017-04-01;2017-04-02;2;97,4527755719993;62,0
1325;2017-04-01;2017-04-03;3;101,69961828291301;61,0
1326;2017-04-01;2017-04-04;4;94,50713768900857;60,0
1327;2017-04-01;2017-04-05;5;83,62445009352058;59,0
1328;2017-04-01;2017-04-06;6;78,21421159826028;58,0
1329;2017-04-01;2017-04-07;7;75,7303333716638;58,0
1330;2017-04-08;2017-04-08;1;71,08290181144045;69,0
1331;2017-04-08;2017-04-09;2;70,38309421868469;89,0
1332;2017-04-08;2017-04-10;3;67,62460586034547;97,0
1333;2017-04-08;2017-04-11;4;63,70124306158429;88,0
1334;2017-04-08;2017-04-12;5;64,79973301571431;82,0
1335;2017-04-08;2017-04-13;6;64,5184798859953;79,0
1336;2017-04-08;2017-04-14;7;62,68985900595286;77,0
1337;2017-04-15;2017-04-15;1;60,3227761061216;74,0
1338;2017-04-15;2017-04-16;2;59,360011748959984;69,0
1339;2017-04-15;2017-04-17;3;58,84954984244701;66,0
1340;2017-04-15;2017-04-18;4;58,9757137786843;63,0
1341;2017-04-15;2017-04-19;5;57,652802499982016;62,0
1342;2017-04-15;2017-04-20;6;68,30009878134953;61,0
1343;2017-04-15;2017-04-21;7;90,24923758728903;60,0
1344;2017-04-22;2017-04-22;1;94,70726166228933;59,0
1345;2017-04-22;2017-04-23;2;88,43956594587371;58,0
1346;2017-04-22;2017-04-24;3;81,17834129402618;60,0
1347;2017-04-22;2017-04-25;4;78,31298219042132;60,0
1348;2017-04-22;2017-04-26;5;76,48885156117814;58,0
1349;2017-04-22;2017-04-27;6;72,4950756566607;57,0
1350;2017-04-22;2017-04-28;7;69,10742105244738;57,0
1351;2017-04-29;2017-04-29;1;65,24374778495917;58,0
1352;2017-04-29;2017-04-30;2;62,188186478971446;59,0
1353;2017-04-29;2017-05-01;3;62,78296844530659;58,0
1354;2017-04-29;2017-05-02;4;60,494677733110244;59,0
1355;2017-04-29;2017-05-03;5;59,78556645603164;59,0
1356;2017-04-29;2017-05-04;6;57,97225585742344;58,0
1357;2017-04-29;2017-05-05;7;58,989469243107706;57,0
1358;2017-05-06;2017-05-06;1;61,89025490109514;57,0
1359;2017-05-06;2017-05-07;2;60,548164796601284;57,0
1360;2017-05-06;2017-05-08;3;56,71997298562784;57,0
1361;2017-05-06;2017-05-09;4;56,686208321422264;57,0
1362;2017-05-06;2017-05-10;5;57,369538113400225;56,0
1363;2017-05-06;2017-05-11;6;58,22473808747488;54,0
1364;2017-05-06;2017-05-12;7;58,312128866137556;54,0
1365;2017-05-13;2017-05-13;1;58,48157939405892;53,0
1366;2017-05-13;2017-05-14;2;59,516596959708764;53,0
1367;2017-05-13;2017-05-15;3;59,164099445187894;52,0
1368;2017-05-13;2017-05-16;4;58,334584542986256;52,0
1369;2017-05-13;2017-05-17;5;58,53527127936642;52,0
1370;2017-05-13;2017-05-18;6;57,83528266243708;52,0
1371;2017-05-13;2017-05-19;7;57,18359615359286;52,0
1372;2017-05-20;2017-05-20;1;58,80475931270819;61,0
1373;2017-05-20;2017-05-21;2;58,021767857527;81,0
1374;2017-05-20;2017-05-22;3;55,73722993085891;92,0
1375;2017-05-20;2017-05-23;4;53,842889356938095;85,0
1376;2017-05-20;2017-05-24;5;52,58157815979312;80,0
1377;2017-05-20;2017-05-25;6;53,30745690099774;75,0
1378;2017-05-20;2017-05-26;7;52,402220397706316;72,0
1379;2017-05-27;2017-05-27;1;52,03233322978935;68,0
1380;2017-05-27;2017-05-28;2;54,56001945392177;65,0
1381;2017-05-27;2017-05-29;3;52,9023261024652;62,0
1382;2017-05-27;2017-05-30;4;52,871943433000105;59,0
1383;2017-05-27;2017-05-31;5;55,90436160309705;57,0
1384;2017-05-27;2017-06-01;6;63,777016538715564;56,0
1385;2017-05-27;2017-06-02;7;83,0594262795894;55,0
1386;2017-06-03;2017-06-03;1;90,68379564522121;54,0
1387;2017-06-03;2017-06-04;2;84,6782882825626;52,0
1388;2017-06-03;2017-06-05;3;79,6166183710696;52,0
1389;2017-06-03;2017-06-06;4;75,13041451989025;51,0
1390;2017-06-03;2017-06-07;5;71,79001672878073;50,0
1391;2017-06-03;2017-06-08;6;67,40420766615398;50,0
1392;2017-06-03;2017-06-09;7;64,88215397818144;50,0
1393;2017-06-10;2017-06-10;1;61,63495678208535;49,0
1394;2017-06-10;2017-06-11;2;58,86403952489614;49,0
1395;2017-06-10;2017-06-12;3;57,0626617493953;48,0
1396;2017-06-10;2017-06-13;4;56,557884401163555;48,0
1397;2017-06-10;2017-06-14;5;56,0894010684671;51,0
1398;2017-06-10;2017-06-15;6;54,295755516965365;62,0
1399;2017-06-10;2017-06-16;7;51,59381087800039;71,0
1400;2017-06-17;2017-06-17;1;53,01364223706617;69,0
1401;2017-06-17;2017-06-18;2;49,86771633348986;62,0
1402;2017-06-17;2017-06-19;3;49,70929119803902;59,0
1403;2017-06-17;2017-06-20;4;50,691734500588275;56,0
1404;2017-06-17;2017-06-21;5;50,01111753167559;53,0
1405;2017-06-17;2017-06-22;6;49,9024616055475;51,0
1406;2017-06-17;2017-06-23;7;48,97819785814952;50,0
1407;2017-06-24;2017-06-24;1;48,967408992572125;49,0
1408;2017-06-24;2017-06-25;2;50,48209172472246;48,0
1409;2017-06-24;2017-06-26;3;53,198172280555916;47,0
1410;2017-06-24;2017-06-27;4;63,41822410557713;47,0
1411;2017-06-24;2017-06-28;5;71,16116635789126;46,0
1412;2017-06-24;2017-06-29;6;68,19673560258522;46,0
1413;2017-06-24;2017-06-30;7;61,94988023119129;45,0
1414;2017-07-01;2017-07-01;1;58,75032710581319;45,0
1415;2017-07-01;2017-07-02;2;55,978379681349516;44,0
1416;2017-07-01;2017-07-03;3;53,004257417614184;44,0
1417;2017-07-01;2017-07-04;4;51,21864509075974;43,0
1418;2017-07-01;2017-07-05;5;50,14901994500034;43,0
1419;2017-07-01;2017-07-06;6;48,91472496204428;43,0
1420;2017-07-01;2017-07-07;7;48,24873844264817;43,0
1421;2017-07-08;2017-07-08;1;47,471811314677204;43,0
1422;2017-07-08;2017-07-09;2;47,03981916129113;43,0
1423;2017-07-08;2017-07-10;3;46,352831669494556;43,0
1424;2017-07-08;2017-07-11;4;46,10318432681285;43,0
1425;2017-07-08;2017-07-12;5;45,18169042183703;42,0
1426;2017-07-08;2017-07-13;6;44,976320723079226;42,0
1427;2017-07-08;2017-07-14;7;44,16552920775546;42,0
1428;2017-07-15;2017-07-15;1;44,21023782139148;41,0
1429;2017-07-15;2017-07-16;2;43,300158825463804;41,0
1430;2017-07-15;2017-07-17;3;43,324969091198504;40,0
1431;2017-07-15;2017-07-18;4;43,384124130755644;40,0
1432;2017-07-15;2017-07-19;5;43,617346352905685;40,0
1433;2017-07-15;2017-07-20;6;43,35676983673183;39,0
1434;2017-07-15;2017-07-21;7;43,350394990928656;39,0
1435;2017-07-22;2017-07-22;1;43,3772981953309;39,0
1436;2017-07-22;2017-07-23;2;43,102606268957054;39,0
1437;2017-07-22;2017-07-24;3;42,42358833349197;39,0
1438;2017-07-22;2017-07-25;4;42,49442698934457;39,0
1439;2017-07-22;2017-07-26;5;42,2807393470329;38,0
1440;2017-07-22;2017-07-27;6;41,42011131519727;38,0
1441;2017-07-22;2017-07-28;7;41,24088329924093;38,0
1442;2017-07-29;2017-07-29;1;40,204407856722824;37,0
1443;2017-07-29;2017-07-30;2;40,3740772994453;37,0
1444;2017-07-29;2017-07-31;3;40,22973832887999;37,0
1445;2017-07-29;2017-08-01;4;39,53746335904904;37,0
1446;2017-07-29;2017-08-02;5;39,445668051208635;37,0
1447;2017-07-29;2017-08-03;6;39,415288925804596;37,0
1448;2017-07-29;2017-08-04;7;39,411791136454326;37,0
1449;2017-08-05;2017-08-05;1;39,54735945885964;37,0
1450;2017-08-05;2017-08-06;2;39,18256480904238;36,0
1451;2017-08-05;2017-08-07;3;38,2896399671823;36,0
1452;2017-08-05;2017-08-08;4;38,51792181223535;36,0
1453;2017-08-05;2017-08-09;5;38,252844303330214;35,0
1454;2017-08-05;2017-08-10;6;37,600932051637976;35,0
1455;2017-08-05;2017-08-11;7;37,434291954263124;35,0
1456;2017-08-12;2017-08-12;1;37,43824645425787;35,0
1457;2017-08-12;2017-08-13;2;37,569113259018636;34,0
1458;2017-08-12;2017-08-14;3;37,60275307613378;34,0
1459;2017-08-12;2017-08-15;4;37,5260783927063;34,0
1460;2017-08-12;2017-08-16;5;37,59264756579283;34,0
1461;2017-08-12;2017-08-17;6;37,06921616810619;34,0
1462;2017-08-12;2017-08-18;7;37,19110172489339;34,0
1463;2017-08-19;2017-08-19;1;36,15015327600856;34,0
1464;2017-08-19;2017-08-20;2;35,63813290465724;35,0
1465;2017-08-19;2017-08-21;3;35,06763711030165;36,0
1466;2017-08-19;2017-08-22;4;34,653340933752574;36,0
1467;2017-08-19;2017-08-23;5;36,00451550596679;37,0
1468;2017-08-19;2017-08-24;6;35,47868508754241;37,0
1469;2017-08-19;2017-08-25;7;33,801362845230635;37,0
1470;2017-08-26;2017-08-26;1;34,5039802633329;37,0
1471;2017-08-26;2017-08-27;2;34,60821305380054;36,0
1472;2017-08-26;2017-08-28;3;33,73837683146352;36,0
1473;2017-08-26;2017-08-29;4;34,8677889544364;35,0
1474;2017-08-26;2017-08-30;5;35,696045119437535;34,0
1475;2017-08-26;2017-08-31;6;34,61838489307707;33,0
1476;2017-08-26;2017-09-01;7;35,674770213769406;32,0
1477;2017-09-02;2017-09-02;1;36,26468789271693;31,0
1478;2017-09-02;2017-09-03;2;36,57688694543292;31,0
1479;2017-09-02;2017-09-04;3;37,427471456496825;31,0
1480;2017-09-02;2017-09-05;4;37,51212409369804;30,0
1481;2017-09-02;2017-09-06;5;37,511587869870176;30,0
1482;2017-09-02;2017-09-07;6;37,29835325802406;30,0
1483;2017-09-02;2017-09-08;7;36,53847816146053;30,0
1484;2017-09-09;2017-09-09;1;36,33738448514274;30,0
1485;2017-09-09;2017-09-10;2;35,465489494595474;30,0
1486;2017-09-09;2017-09-11;3;34,58492320831394;30,0
1487;2017-09-09;2017-09-12;4;33,71728330980522;30,0
1488;2017-09-09;2017-09-13;5;32,71932865564039;29,0
1489;2017-09-09;2017-09-14;6;31,932769553550248;29,0
1490;2017-09-09;2017-09-15;7;32,01797327220494;29,0
1491;2017-09-16;2017-09-16;1;31,80202406797824;29,0
1492;2017-09-16;2017-09-17;2;31,052532825371845;29,0
1493;2017-09-16;2017-09-18;3;31,056468667153055;29,0
1494;2017-09-16;2017-09-19;4;31,075076073485825;29,0
1495;2017-09-16;2017-09-20;5;31,041966834707917;29,0
1496;2017-09-16;2017-09-21;6;31,00770561396192;30,0
1497;2017-09-16;2017-09-22;7;31,075998144172683;29,0
1498;2017-09-23;2017-09-23;1;31,086701805246562;29,0
1499;2017-09-23;2017-09-24;2;30,93116449611671;29,0
1500;2017-09-23;2017-09-25;3;30,174639089038635;29,0
1501;2017-09-23;2017-09-26;4;30,189513890896205;29,0
1502;2017-09-23;2017-09-27;5;30,164016646153694;29,0
1503;2017-09-23;2017-09-28;6;30,13612930691384;29,0
1504;2017-09-23;2017-09-29;7;29,93977317098083;29,0
1505;2017-09-30;2017-09-30;1;32,22156880199529;29,0
1506;2017-09-30;2017-10-01;2;32,528539309936654;33,0
1507;2017-09-30;2017-10-02;3;29,53481179300267;42,0
1508;2017-09-30;2017-10-03;4;34,62942247086633;52,0
1509;2017-09-30;2017-10-04;5;32,03230849773825;64,0
1510;2017-09-30;2017-10-05;6;33,772617170944066;73,0
1511;2017-09-30;2017-10-06;7;35,86372942522659;70,0
1512;2017-10-07;2017-10-07;1;33,51664351034057;59,0
1513;2017-10-07;2017-10-08;2;33,31679834260514;51,0
1514;2017-10-07;2017-10-09;3;38,57274003511637;46,0
1515;2017-10-07;2017-10-10;4;34,04895803368856;43,0
1516;2017-10-07;2017-10-11;5;38,83688302789306;40,0
1517;2017-10-07;2017-10-12;6;39,00565629570483;38,0
1518;2017-10-07;2017-10-13;7;39,813486218462614;37,0
1519;2017-10-14;2017-10-14;1;59,11402499737894;36,0
1520;2017-10-14;2017-10-15;2;62,33195386697705;34,0
1521;2017-10-14;2017-10-16;3;65,3988182458416;34,0
1522;2017-10-14;2017-10-17;4;73,74922969309085;33,0
1523;2017-10-14;2017-10-18;5;68,76359430330069;32,0
1524;2017-10-14;2017-10-19;6;58,4573036937658;32,0
1525;2017-10-14;2017-10-20;7;50,89325946867111;32,0
1526;2017-10-21;2017-10-21;1;45,961073172723296;32,0
1527;2017-10-21;2017-10-22;2;42,94433103289196;31,0
1528;2017-10-21;2017-10-23;3;40,438061394531665;32,0
1529;2017-10-21;2017-10-24;4;38,134952609241886;33,0
1530;2017-10-21;2017-10-25;5;36,17119619186506;36,0
1531;2017-10-21;2017-10-26;6;36,13493865861174;38,0
1532;2017-10-21;2017-10-27;7;34,282494116248486;38,0
1533;2017-10-28;2017-10-28;1;32,66162588922735;36,0
1534;2017-10-28;2017-10-29;2;33,75427853514922;36,0
1535;2017-10-28;2017-10-30;3;31,25535793978097;38,0
1536;2017-10-28;2017-10-31;4;31,59480319322997;42,0
1537;2017-10-28;2017-11-01;5;32,42858725069611;45,0
1538;2017-10-28;2017-11-02;6;30,504114391809185;44,0
1539;2017-10-28;2017-11-03;7;32,23270105487133;43,0
1540;2017-11-04;2017-11-04;1;31,04418757099084;42,0
1541;2017-11-04;2017-11-05;2;33,16187557346266;40,0
1542;2017-11-04;2017-11-06;3;37,135383100007964;40,0
1543;2017-11-04;2017-11-07;4;37,186279457449416;39,0
1544;2017-11-04;2017-11-08;5;37,967218115782046;38,0
1545;2017-11-04;2017-11-09;6;36,38926330578311;38,0
1546;2017-11-04;2017-11-10;7;36,103248160179405;38,0
1547;2017-11-11;2017-11-11;1;41,77430330706698;38,0
1548;2017-11-11;2017-11-12;2;43,649027210159765;41,0
1549;2017-11-11;2017-11-13;3;44,52079864353441;50,0
1550;2017-11-11;2017-11-14;4;42,64537312001364;57,0
1551;2017-11-11;2017-11-15;5;43,496669204891795;54,0
1552;2017-11-11;2017-11-16;6;41,73838435360116;50,0
1553;2017-11-11;2017-11-17;7;40,07935484235274;48,0
1554;2017-11-18;2017-11-18;1;40,762492301994605;45,0
1555;2017-11-18;2017-11-19;2;38,2171071621043;44,0
1556;2017-11-18;2017-11-20;3;38,20755811555983;54,0
1557;2017-11-18;2017-11-21;4;41,280634603978065;83,0
1558;2017-11-18;2017-11-22;5;37,79963208587118;108,0
1559;2017-11-18;2017-11-23;6;39,42143682688174;109,0
1560;2017-11-18;2017-11-24;7;42,53490417458577;101,0
1561;2017-11-25;2017-11-25;1;47,731089781330425;100,0
1562;2017-11-25;2017-11-26;2;61,59204169185129;87,0
1563;2017-11-25;2017-11-27;3;52,529185852358204;76,0
1564;2017-11-25;2017-11-28;4;49,55199919968231;68,0
1565;2017-11-25;2017-11-29;5;52,3916447210898;65,0
1566;2017-11-25;2017-11-30;6;50,058170151794535;62,0
1567;2017-11-25;2017-12-01;7;50,8948699582636;64,0
1568;2017-12-02;2017-12-02;1;64,0068396864608;76,0
1569;2017-12-02;2017-12-03;2;80,8022009396207;86,0
1570;2017-12-02;2017-12-04;3;109,0301855357568;89,0
1571;2017-12-02;2017-12-05;4;106,80425285690028;91,0
1572;2017-12-02;2017-12-06;5;98,37787879720366;93,0
1573;2017-12-02;2017-12-07;6;101,64823972967241;89,0
1574;2017-12-02;2017-12-08;7;87,1335485986242;80,0
1575;2017-12-09;2017-12-09;1;74,03071466181181;72,0
1576;2017-12-09;2017-12-10;2;67,39169164466293;69,0
1577;2017-12-09;2017-12-11;3;65,11569928202695;68,0
1578;2017-12-09;2017-12-12;4;63,98110879478447;66,0
1579;2017-12-09;2017-12-13;5;65,01592434024855;63,0
1580;2017-12-09;2017-12-14;6;76,68469237436176;59,0
1581;2017-12-09;2017-12-15;7;87,49688491544157;58,0
1582;2017-12-16;2017-12-16;1;88,80974952701013;58,0
1583;2017-12-16;2017-12-17;2;90,0073533815836;60,0
1584;2017-12-16;2017-12-18;3;92,96061721388986;64,0
1585;2017-12-16;2017-12-19;4;88,67776863707394;63,0
1586;2017-12-16;2017-12-20;5;79,51489863316586;61,0
1587;2017-12-16;2017-12-21;6;71,01934501154427;59,0
1588;2017-12-16;2017-12-22;7;71,67827621139129;56,0
1589;2017-12-23;2017-12-23;1;66,43612703300293;61,0
1590;2017-12-23;2017-12-24;2;64,51675296268684;68,0
1591;2017-12-23;2017-12-25;3;63,32544141947934;66,0
1592;2017-12-23;2017-12-26;4;61,027664177496;63,0
1593;2017-12-23;2017-12-27;5;59,436432288998155;68,0
1594;2017-12-23;2017-12-28;6;59,01322976407237;85,0
1595;2017-12-23;2017-12-29;7;60,25015850563401;106,0
